,name,party1,party,term_of_office,prop_rep,where,loss,Where,agr,man,tec,whole,agrRatio,manRatio,tecRatio,when,ruling
0,박진,sn,한 새,3.0,0,서울특별시,,서울,205.0,279250.0,335547.0,10200827,2.0096409830301015e-05,0.027375231439568576,0.032894097704039095,18대,Ruling
1,나경원,sn,한,2.0,0,서울특별시,,서울,205.0,279250.0,335547.0,10200827,2.0096409830301015e-05,0.027375231439568576,0.032894097704039095,18대,Ruling
2,진영,sn,한 새,2.0,0,서울특별시,,서울,205.0,279250.0,335547.0,10200827,2.0096409830301015e-05,0.027375231439568576,0.032894097704039095,18대,Ruling
3,진수희,sn,한 새,2.0,0,서울특별시,,서울,205.0,279250.0,335547.0,10200827,2.0096409830301015e-05,0.027375231439568576,0.032894097704039095,18대,Ruling
4,김동성,sn,한 새,1.0,0,서울특별시,,서울,205.0,279250.0,335547.0,10200827,2.0096409830301015e-05,0.027375231439568576,0.032894097704039095,18대,Ruling
5,권택기,sn,한 새,1.0,0,서울특별시,,서울,205.0,279250.0,335547.0,10200827,2.0096409830301015e-05,0.027375231439568576,0.032894097704039095,18대,Ruling
6,추미애,mj,통 민,3.0,0,서울특별시,,서울,205.0,279250.0,335547.0,10200827,2.0096409830301015e-05,0.027375231439568576,0.032894097704039095,18대,Opposition
7,장관근,sn,한 새,3.0,0,서울특별시,1.0,서울,205.0,279250.0,335547.0,10200827,2.0096409830301015e-05,0.027375231439568576,0.032894097704039095,18대,Ruling
8,홍준표,sn,한 새,4.0,0,서울특별시,,서울,205.0,279250.0,335547.0,10200827,2.0096409830301015e-05,0.027375231439568576,0.032894097704039095,18대,Ruling
9,유정현,sn,한 무,1.0,0,서울특별시,,서울,205.0,279250.0,335547.0,10200827,2.0096409830301015e-05,0.027375231439568576,0.032894097704039095,18대,Ruling
10,진성호,sn,한 무,1.0,0,서울특별시,,서울,205.0,279250.0,335547.0,10200827,2.0096409830301015e-05,0.027375231439568576,0.032894097704039095,18대,Ruling
11,정태근,sn,한 무,1.0,0,서울특별시,,서울,205.0,279250.0,335547.0,10200827,2.0096409830301015e-05,0.027375231439568576,0.032894097704039095,18대,Ruling
12,김효재,sn,한,1.0,0,서울특별시,,서울,205.0,279250.0,335547.0,10200827,2.0096409830301015e-05,0.027375231439568576,0.032894097704039095,18대,Ruling
13,정양석,sn,한 새,1.0,0,서울특별시,,서울,205.0,279250.0,335547.0,10200827,2.0096409830301015e-05,0.027375231439568576,0.032894097704039095,18대,Ruling
14,최규식,,통 민,2.0,0,서울특별시,,서울,205.0,279250.0,335547.0,10200827,2.0096409830301015e-05,0.027375231439568576,0.032894097704039095,18대,Opposition
15,신지호,,한 새,1.0,0,서울특별시,,서울,205.0,279250.0,335547.0,10200827,2.0096409830301015e-05,0.027375231439568576,0.032894097704039095,18대,Ruling
16,김선동,,한 새,1.0,0,서울특별시,,서울,205.0,279250.0,335547.0,10200827,2.0096409830301015e-05,0.027375231439568576,0.032894097704039095,18대,Ruling
17,현경병,,한,1.0,0,서울특별시,1.0,서울,205.0,279250.0,335547.0,10200827,2.0096409830301015e-05,0.027375231439568576,0.032894097704039095,18대,Ruling
18,권영진,,한 새,1.0,0,서울특별시,,서울,205.0,279250.0,335547.0,10200827,2.0096409830301015e-05,0.027375231439568576,0.032894097704039095,18대,Ruling
19,홍정욱,,한 새,1.0,0,서울특별시,,서울,205.0,279250.0,335547.0,10200827,2.0096409830301015e-05,0.027375231439568576,0.032894097704039095,18대,Ruling
20,이미경,,통 민,4.0,0,서울특별시,,서울,205.0,279250.0,335547.0,10200827,2.0096409830301015e-05,0.027375231439568576,0.032894097704039095,18대,Opposition
21,문국현,,창조한국당,1.0,0,서울특별시,1.0,서울,205.0,279250.0,335547.0,10200827,2.0096409830301015e-05,0.027375231439568576,0.032894097704039095,18대,Opposition
22,이재오,,한 새,4.0,0,서울특별시,,서울,205.0,279250.0,335547.0,10200827,2.0096409830301015e-05,0.027375231439568576,0.032894097704039095,18대,Ruling
23,이성현,,한 새,2.0,0,서울특별시,,서울,205.0,279250.0,335547.0,10200827,2.0096409830301015e-05,0.027375231439568576,0.032894097704039095,18대,Ruling
24,정두언,,한 새,2.0,0,서울특별시,,서울,205.0,279250.0,335547.0,10200827,2.0096409830301015e-05,0.027375231439568576,0.032894097704039095,18대,Ruling
25,강승규,,한 새,1.0,0,서울특별시,,서울,205.0,279250.0,335547.0,10200827,2.0096409830301015e-05,0.027375231439568576,0.032894097704039095,18대,Ruling
26,강용석,,한 무,1.0,0,서울특별시,,서울,205.0,279250.0,335547.0,10200827,2.0096409830301015e-05,0.027375231439568576,0.032894097704039095,18대,Ruling
27,원희룡,,한 새,3.0,0,서울특별시,,서울,205.0,279250.0,335547.0,10200827,2.0096409830301015e-05,0.027375231439568576,0.032894097704039095,18대,Ruling
28,김용태,,한 새,1.0,0,서울특별시,,서울,205.0,279250.0,335547.0,10200827,2.0096409830301015e-05,0.027375231439568576,0.032894097704039095,18대,Ruling
29,구상찬,,한 새,1.0,0,서울특별시,,서울,205.0,279250.0,335547.0,10200827,2.0096409830301015e-05,0.027375231439568576,0.032894097704039095,18대,Ruling
30,김성태,,한 새,1.0,0,서울특별시,,서울,205.0,279250.0,335547.0,10200827,2.0096409830301015e-05,0.027375231439568576,0.032894097704039095,18대,Ruling
31,전여옥,,한 무,2.0,0,서울특별시,,서울,205.0,279250.0,335547.0,10200827,2.0096409830301015e-05,0.027375231439568576,0.032894097704039095,18대,Ruling
32,권영세,,한 새,3.0,0,서울특별시,,서울,205.0,279250.0,335547.0,10200827,2.0096409830301015e-05,0.027375231439568576,0.032894097704039095,18대,Ruling
33,이범래,,한 새,1.0,0,서울특별시,,서울,205.0,279250.0,335547.0,10200827,2.0096409830301015e-05,0.027375231439568576,0.032894097704039095,18대,Ruling
34,박영선,,통 민,2.0,0,서울특별시,,서울,205.0,279250.0,335547.0,10200827,2.0096409830301015e-05,0.027375231439568576,0.032894097704039095,18대,Opposition
35,안형환,,한 새,1.0,0,서울특별시,,서울,205.0,279250.0,335547.0,10200827,2.0096409830301015e-05,0.027375231439568576,0.032894097704039095,18대,Ruling
36,전병헌,,통 민,2.0,0,서울특별시,,서울,205.0,279250.0,335547.0,10200827,2.0096409830301015e-05,0.027375231439568576,0.032894097704039095,18대,Opposition
37,정몽준,,한 새,6.0,0,서울특별시,,서울,205.0,279250.0,335547.0,10200827,2.0096409830301015e-05,0.027375231439568576,0.032894097704039095,18대,Ruling
38,김성식,,한 무,1.0,0,서울특별시,,서울,205.0,279250.0,335547.0,10200827,2.0096409830301015e-05,0.027375231439568576,0.032894097704039095,18대,Ruling
39,김희열,,통 무,1.0,0,서울특별시,,서울,205.0,279250.0,335547.0,10200827,2.0096409830301015e-05,0.027375231439568576,0.032894097704039095,18대,Opposition
40,이혜훈,,한 새,2.0,0,서울특별시,,서울,205.0,279250.0,335547.0,10200827,2.0096409830301015e-05,0.027375231439568576,0.032894097704039095,18대,Ruling
41,고승덕,,한 새,1.0,0,서울특별시,,서울,205.0,279250.0,335547.0,10200827,2.0096409830301015e-05,0.027375231439568576,0.032894097704039095,18대,Ruling
42,이종구,,한 새,2.0,0,서울특별시,,서울,205.0,279250.0,335547.0,10200827,2.0096409830301015e-05,0.027375231439568576,0.032894097704039095,18대,Ruling
43,공성진,,한,2.0,0,서울특별시,1.0,서울,205.0,279250.0,335547.0,10200827,2.0096409830301015e-05,0.027375231439568576,0.032894097704039095,18대,Ruling
44,박영아,,한 새,1.0,0,서울특별시,,서울,205.0,279250.0,335547.0,10200827,2.0096409830301015e-05,0.027375231439568576,0.032894097704039095,18대,Ruling
45,유일호,,한 새,1.0,0,서울특별시,,서울,205.0,279250.0,335547.0,10200827,2.0096409830301015e-05,0.027375231439568576,0.032894097704039095,18대,Ruling
46,김성순,,통 민,2.0,0,서울특별시,,서울,205.0,279250.0,335547.0,10200827,2.0096409830301015e-05,0.027375231439568576,0.032894097704039095,18대,Opposition
47,김충환,,한 새,2.0,0,서울특별시,,서울,205.0,279250.0,335547.0,10200827,2.0096409830301015e-05,0.027375231439568576,0.032894097704039095,18대,Ruling
48,윤석용,,한 새,1.0,0,서울특별시,,서울,205.0,279250.0,335547.0,10200827,2.0096409830301015e-05,0.027375231439568576,0.032894097704039095,18대,Ruling
49,박상은,,한 새,1.0,0,인천광역시,,인천,235.0,208604.0,17678.0,2692696,8.727312700728192e-05,0.07747031228181718,0.00656516740099885,18대,Ruling
50,홍일표,,한 새,1.0,0,인천광역시,,인천,235.0,208604.0,17678.0,2692696,8.727312700728192e-05,0.07747031228181718,0.00656516740099885,18대,Ruling
51,윤상현,,한 새,1.0,0,인천광역시,,인천,235.0,208604.0,17678.0,2692696,8.727312700728192e-05,0.07747031228181718,0.00656516740099885,18대,Ruling
52,황우여,,한 새,4.0,0,인천광역시,,인천,235.0,208604.0,17678.0,2692696,8.727312700728192e-05,0.07747031228181718,0.00656516740099885,18대,Ruling
53,이윤성,,한 무,4.0,0,인천광역시,,인천,235.0,208604.0,17678.0,2692696,8.727312700728192e-05,0.07747031228181718,0.00656516740099885,18대,Ruling
54,조전혁,,한 새,1.0,0,인천광역시,,인천,235.0,208604.0,17678.0,2692696,8.727312700728192e-05,0.07747031228181718,0.00656516740099885,18대,Ruling
55,조진형,,한 새,3.0,0,인천광역시,,인천,235.0,208604.0,17678.0,2692696,8.727312700728192e-05,0.07747031228181718,0.00656516740099885,18대,Ruling
56,구본철,,한,1.0,0,인천광역시,1.0,인천,235.0,208604.0,17678.0,2692696,8.727312700728192e-05,0.07747031228181718,0.00656516740099885,18대,Ruling
57,홍영표,,민 민,1.0,0,인천광역시,,인천,235.0,208604.0,17678.0,2692696,8.727312700728192e-05,0.07747031228181718,0.00656516740099885,18대,Opposition
58,신학용,,통 민,2.0,0,인천광역시,,인천,235.0,208604.0,17678.0,2692696,8.727312700728192e-05,0.07747031228181718,0.00656516740099885,18대,Opposition
59,송영길,,통 민,3.0,0,인천광역시,,인천,235.0,208604.0,17678.0,2692696,8.727312700728192e-05,0.07747031228181718,0.00656516740099885,18대,Opposition
60,이상권,,한 새,1.0,0,인천광역시,,인천,235.0,208604.0,17678.0,2692696,8.727312700728192e-05,0.07747031228181718,0.00656516740099885,18대,Ruling
61,이학재,,한 새,1.0,0,인천광역시,,인천,235.0,208604.0,17678.0,2692696,8.727312700728192e-05,0.07747031228181718,0.00656516740099885,18대,Ruling
62,이경재,,무 새,4.0,0,인천광역시,,인천,235.0,208604.0,17678.0,2692696,8.727312700728192e-05,0.07747031228181718,0.00656516740099885,18대,Ruling
63,박종희,,한,2.0,0,경기도,1.0,경기,3124.0,956529.0,143547.0,11292264,0.0002766495717776347,0.0847065743415138,0.01271197697822155,18대,Ruling
64,이찬열,,민 민,1.0,0,경기도,,경기,3124.0,956529.0,143547.0,11292264,0.0002766495717776347,0.0847065743415138,0.01271197697822155,18대,Opposition
65,정미경,,한 무,1.0,0,경기도,,경기,3124.0,956529.0,143547.0,11292264,0.0002766495717776347,0.0847065743415138,0.01271197697822155,18대,Ruling
66,남경필,,한 새,4.0,0,경기도,,경기,3124.0,956529.0,143547.0,11292264,0.0002766495717776347,0.0847065743415138,0.01271197697822155,18대,Ruling
67,김진표,,통 민,2.0,0,경기도,,경기,3124.0,956529.0,143547.0,11292264,0.0002766495717776347,0.0847065743415138,0.01271197697822155,18대,Opposition
68,신영수,,한 새,1.0,0,경기도,,경기,3124.0,956529.0,143547.0,11292264,0.0002766495717776347,0.0847065743415138,0.01271197697822155,18대,Ruling
69,신상진,,한 새,2.0,0,경기도,,경기,3124.0,956529.0,143547.0,11292264,0.0002766495717776347,0.0847065743415138,0.01271197697822155,18대,Ruling
70,고흥길,,한 새,3.0,0,경기도,,경기,3124.0,956529.0,143547.0,11292264,0.0002766495717776347,0.0847065743415138,0.01271197697822155,18대,Ruling
71,임태희,,한,3.0,0,경기도,,경기,3124.0,956529.0,143547.0,11292264,0.0002766495717776347,0.0847065743415138,0.01271197697822155,18대,Ruling
72,손학규,,민 민,4.0,0,경기도,,경기,3124.0,956529.0,143547.0,11292264,0.0002766495717776347,0.0847065743415138,0.01271197697822155,18대,Opposition
73,문희상,,통 민,4.0,0,경기도,,경기,3124.0,956529.0,143547.0,11292264,0.0002766495717776347,0.0847065743415138,0.01271197697822155,18대,Opposition
74,강성종,,통 민,2.0,0,경기도,1.0,경기,3124.0,956529.0,143547.0,11292264,0.0002766495717776347,0.0847065743415138,0.01271197697822155,18대,Opposition
75,이종걸,,통 민,3.0,0,경기도,,경기,3124.0,956529.0,143547.0,11292264,0.0002766495717776347,0.0847065743415138,0.01271197697822155,18대,Opposition
76,이석현,,통 민,4.0,0,경기도,,경기,3124.0,956529.0,143547.0,11292264,0.0002766495717776347,0.0847065743415138,0.01271197697822155,18대,Opposition
77,심재철,,한 새,3.0,0,경기도,,경기,3124.0,956529.0,143547.0,11292264,0.0002766495717776347,0.0847065743415138,0.01271197697822155,18대,Ruling
78,임해규,,한 새,2.0,0,경기도,,경기,3124.0,956529.0,143547.0,11292264,0.0002766495717776347,0.0847065743415138,0.01271197697822155,18대,Ruling
79,이사철,,한 새,2.0,0,경기도,,경기,3124.0,956529.0,143547.0,11292264,0.0002766495717776347,0.0847065743415138,0.01271197697822155,18대,Ruling
80,차명진,,한 새,2.0,0,경기도,,경기,3124.0,956529.0,143547.0,11292264,0.0002766495717776347,0.0847065743415138,0.01271197697822155,18대,Ruling
81,원혜영,,통 민,3.0,0,경기도,,경기,3124.0,956529.0,143547.0,11292264,0.0002766495717776347,0.0847065743415138,0.01271197697822155,18대,Opposition
82,백재현,,통 민,1.0,0,경기도,,경기,3124.0,956529.0,143547.0,11292264,0.0002766495717776347,0.0847065743415138,0.01271197697822155,18대,Opposition
83,전재희,,한 새,3.0,0,경기도,,경기,3124.0,956529.0,143547.0,11292264,0.0002766495717776347,0.0847065743415138,0.01271197697822155,18대,Ruling
84,원유철,,한 새,3.0,0,경기도,,경기,3124.0,956529.0,143547.0,11292264,0.0002766495717776347,0.0847065743415138,0.01271197697822155,18대,Ruling
85,정장선,,통 민,3.0,0,경기도,,경기,3124.0,956529.0,143547.0,11292264,0.0002766495717776347,0.0847065743415138,0.01271197697822155,18대,Opposition
86,김성수,,한 새,1.0,0,경기도,,경기,3124.0,956529.0,143547.0,11292264,0.0002766495717776347,0.0847065743415138,0.01271197697822155,18대,Ruling
87,이화수,,한 새,1.0,0,경기도,,경기,3124.0,956529.0,143547.0,11292264,0.0002766495717776347,0.0847065743415138,0.01271197697822155,18대,Ruling
88,홍장표,,친 한,1.0,0,경기도,1.0,경기,3124.0,956529.0,143547.0,11292264,0.0002766495717776347,0.0847065743415138,0.01271197697822155,18대,Ruling
89,김영환,,민 민,3.0,0,경기도,,경기,3124.0,956529.0,143547.0,11292264,0.0002766495717776347,0.0847065743415138,0.01271197697822155,18대,Opposition
90,천정배,,통 민,4.0,0,경기도,,경기,3124.0,956529.0,143547.0,11292264,0.0002766495717776347,0.0847065743415138,0.01271197697822155,18대,Opposition
91,박순자,,한 새,2.0,0,경기도,,경기,3124.0,956529.0,143547.0,11292264,0.0002766495717776347,0.0847065743415138,0.01271197697822155,18대,Ruling
92,손범규,,한 새,1.0,0,경기도,,경기,3124.0,956529.0,143547.0,11292264,0.0002766495717776347,0.0847065743415138,0.01271197697822155,18대,Ruling
93,김태원,,한 새,1.0,0,경기도,,경기,3124.0,956529.0,143547.0,11292264,0.0002766495717776347,0.0847065743415138,0.01271197697822155,18대,Ruling
94,백성운,,한 새,1.0,0,경기도,,경기,3124.0,956529.0,143547.0,11292264,0.0002766495717776347,0.0847065743415138,0.01271197697822155,18대,Ruling
95,김영선,,한 새,4.0,0,경기도,,경기,3124.0,956529.0,143547.0,11292264,0.0002766495717776347,0.0847065743415138,0.01271197697822155,18대,Ruling
96,안상수,,한 새,4.0,0,경기도,,경기,3124.0,956529.0,143547.0,11292264,0.0002766495717776347,0.0847065743415138,0.01271197697822155,18대,Ruling
97,주광덕,,한 새,1.0,0,경기도,,경기,3124.0,956529.0,143547.0,11292264,0.0002766495717776347,0.0847065743415138,0.01271197697822155,18대,Ruling
98,최재성,,통 민,2.0,0,경기도,,경기,3124.0,956529.0,143547.0,11292264,0.0002766495717776347,0.0847065743415138,0.01271197697822155,18대,Opposition
99,박기춘,,통 민,2.0,0,경기도,,경기,3124.0,956529.0,143547.0,11292264,0.0002766495717776347,0.0847065743415138,0.01271197697822155,18대,Opposition
100,안민석,,통 민,2.0,0,경기도,,경기,3124.0,956529.0,143547.0,11292264,0.0002766495717776347,0.0847065743415138,0.01271197697822155,18대,Opposition
101,김성회,,한 새,1.0,0,경기도,,경기,3124.0,956529.0,143547.0,11292264,0.0002766495717776347,0.0847065743415138,0.01271197697822155,18대,Ruling
102,박보환,,한 새,1.0,0,경기도,,경기,3124.0,956529.0,143547.0,11292264,0.0002766495717776347,0.0847065743415138,0.01271197697822155,18대,Ruling
103,백원우,,통 민,2.0,0,경기도,,경기,3124.0,956529.0,143547.0,11292264,0.0002766495717776347,0.0847065743415138,0.01271197697822155,18대,Opposition
104,조정식,,통 민,2.0,0,경기도,,경기,3124.0,956529.0,143547.0,11292264,0.0002766495717776347,0.0847065743415138,0.01271197697822155,18대,Opposition
105,김부겸,,통 민,3.0,0,경기도,,경기,3124.0,956529.0,143547.0,11292264,0.0002766495717776347,0.0847065743415138,0.01271197697822155,18대,Opposition
106,문학진,,통 민,2.0,0,경기도,,경기,3124.0,956529.0,143547.0,11292264,0.0002766495717776347,0.0847065743415138,0.01271197697822155,18대,Opposition
107,황진하,,한 새,2.0,0,경기도,,경기,3124.0,956529.0,143547.0,11292264,0.0002766495717776347,0.0847065743415138,0.01271197697822155,18대,Ruling
108,우제창,,통 민,2.0,0,경기도,,경기,3124.0,956529.0,143547.0,11292264,0.0002766495717776347,0.0847065743415138,0.01271197697822155,18대,Opposition
109,박준선,,한 새,1.0,0,경기도,,경기,3124.0,956529.0,143547.0,11292264,0.0002766495717776347,0.0847065743415138,0.01271197697822155,18대,Ruling
110,한선교,,무 새,2.0,0,경기도,,경기,3124.0,956529.0,143547.0,11292264,0.0002766495717776347,0.0847065743415138,0.01271197697822155,18대,Ruling
111,김학용,,한 새,1.0,0,경기도,,경기,3124.0,956529.0,143547.0,11292264,0.0002766495717776347,0.0847065743415138,0.01271197697822155,18대,Ruling
112,유정복,,한 새,2.0,0,경기도,,경기,3124.0,956529.0,143547.0,11292264,0.0002766495717776347,0.0847065743415138,0.01271197697822155,18대,Ruling
113,정진섭,,한 무,2.0,0,경기도,,경기,3124.0,956529.0,143547.0,11292264,0.0002766495717776347,0.0847065743415138,0.01271197697822155,18대,Ruling
114,김영우,,한 새,1.0,0,경기도,,경기,3124.0,956529.0,143547.0,11292264,0.0002766495717776347,0.0847065743415138,0.01271197697822155,18대,Ruling
115,이범관,,한 새,1.0,0,경기도,,경기,3124.0,956529.0,143547.0,11292264,0.0002766495717776347,0.0847065743415138,0.01271197697822155,18대,Ruling
116,정병국,,한 새,3.0,0,경기도,,경기,3124.0,956529.0,143547.0,11292264,0.0002766495717776347,0.0847065743415138,0.01271197697822155,18대,Ruling
117,허천,,한 무,2.0,0,강원도,,강원,1777.0,43521.0,9305.0,1508575,0.0011779328173938983,0.028849079429262715,0.006168072518767711,18대,Ruling
118,이계진,,한,2.0,0,강원도,,강원,1777.0,43521.0,9305.0,1508575,0.0011779328173938983,0.028849079429262715,0.006168072518767711,18대,Ruling
119,박우순,,민 민,1.0,0,강원도,,강원,1777.0,43521.0,9305.0,1508575,0.0011779328173938983,0.028849079429262715,0.006168072518767711,18대,Opposition
120,최욱철,,무,2.0,0,강원도,1.0,강원,1777.0,43521.0,9305.0,1508575,0.0011779328173938983,0.028849079429262715,0.006168072518767711,18대,Opposition
121,권성동,,한 새,1.0,0,강원도,,강원,1777.0,43521.0,9305.0,1508575,0.0011779328173938983,0.028849079429262715,0.006168072518767711,18대,Ruling
122,최연희,,무,4.0,0,강원도,,강원,1777.0,43521.0,9305.0,1508575,0.0011779328173938983,0.028849079429262715,0.006168072518767711,18대,Opposition
123,송훈석,,무 민,3.0,0,강원도,,강원,1777.0,43521.0,9305.0,1508575,0.0011779328173938983,0.028849079429262715,0.006168072518767711,18대,Opposition
124,황영철,,한 새,1.0,0,강원도,,강원,1777.0,43521.0,9305.0,1508575,0.0011779328173938983,0.028849079429262715,0.006168072518767711,18대,Ruling
125,이광재,,통 민,2.0,0,강원도,,강원,1777.0,43521.0,9305.0,1508575,0.0011779328173938983,0.028849079429262715,0.006168072518767711,18대,Opposition
126,최종원,,민 민,1.0,0,강원도,,강원,1777.0,43521.0,9305.0,1508575,0.0011779328173938983,0.028849079429262715,0.006168072518767711,18대,Opposition
127,이용삼,,통 민,4.0,0,강원도,,강원,1777.0,43521.0,9305.0,1508575,0.0011779328173938983,0.028849079429262715,0.006168072518767711,18대,Opposition
128,한기호,,한 새,1.0,0,강원도,,강원,1777.0,43521.0,9305.0,1508575,0.0011779328173938983,0.028849079429262715,0.006168072518767711,18대,Ruling
129,홍재형,,통 민,3.0,0,충청북도,,충북,1495.0,136992.0,11078.0,1519587,0.0009838199458142246,0.0901508107137005,0.007290138702160521,18대,Opposition
130,오재세,,통 민,2.0,0,충청북도,,충북,1495.0,136992.0,11078.0,1519587,0.0009838199458142246,0.0901508107137005,0.007290138702160521,18대,Opposition
131,노영민,,통 민,2.0,0,충청북도,,충북,1495.0,136992.0,11078.0,1519587,0.0009838199458142246,0.0901508107137005,0.007290138702160521,18대,Opposition
132,이시종,,통 민,2.0,0,충청북도,,충북,1495.0,136992.0,11078.0,1519587,0.0009838199458142246,0.0901508107137005,0.007290138702160521,18대,Opposition
133,윤진식,,한 새,1.0,0,충청북도,,충북,1495.0,136992.0,11078.0,1519587,0.0009838199458142246,0.0901508107137005,0.007290138702160521,18대,Ruling
134,송광호,,한 새,3.0,0,충청북도,,충북,1495.0,136992.0,11078.0,1519587,0.0009838199458142246,0.0901508107137005,0.007290138702160521,18대,Ruling
135,변재일,,통 민,2.0,0,충청북도,,충북,1495.0,136992.0,11078.0,1519587,0.0009838199458142246,0.0901508107137005,0.007290138702160521,18대,Opposition
136,이용희,,자 민,5.0,0,충청북도,,충북,1495.0,136992.0,11078.0,1519587,0.0009838199458142246,0.0901508107137005,0.007290138702160521,18대,Ruling
137,김종률,,통 민,2.0,0,충청북도,,충북,1495.0,136992.0,11078.0,1519587,0.0009838199458142246,0.0901508107137005,0.007290138702160521,18대,Opposition
138,정범구,,민 민,2.0,0,충청북도,,충북,1495.0,136992.0,11078.0,1519587,0.0009838199458142246,0.0901508107137005,0.007290138702160521,18대,Opposition
139,임영호,,자,1.0,0,대전광역시,,대전,470.0,47290.0,29018.0,1480895,0.0003173756410819133,0.03193339163141209,0.019594907133861618,18대,Ruling
140,권선택,,자,2.0,0,대전광역시,,대전,470.0,47290.0,29018.0,1480895,0.0003173756410819133,0.03193339163141209,0.019594907133861618,18대,Ruling
141,박병석,,통 민,3.0,0,대전광역시,,대전,470.0,47290.0,29018.0,1480895,0.0003173756410819133,0.03193339163141209,0.019594907133861618,18대,Opposition
142,이재선,,자,3.0,0,대전광역시,,대전,470.0,47290.0,29018.0,1480895,0.0003173756410819133,0.03193339163141209,0.019594907133861618,18대,Ruling
143,이상민,,자 민,2.0,0,대전광역시,,대전,470.0,47290.0,29018.0,1480895,0.0003173756410819133,0.03193339163141209,0.019594907133861618,18대,Ruling
144,김창수,,자 무,1.0,0,대전광역시,,대전,470.0,47290.0,29018.0,1480895,0.0003173756410819133,0.03193339163141209,0.019594907133861618,18대,Opposition
145,양승조,,통 민,2.0,0,충청남도,,충남,2844.0,199787.0,11739.0,2018537,0.0014089412282261857,0.09897613964965715,0.005815598128743739,18대,Opposition
146,박상돈,,자,2.0,0,충청남도,,충남,2844.0,199787.0,11739.0,2018537,0.0014089412282261857,0.09897613964965715,0.005815598128743739,18대,Ruling
147,김호연,,한 새,1.0,0,충청남도,,충남,2844.0,199787.0,11739.0,2018537,0.0014089412282261857,0.09897613964965715,0.005815598128743739,18대,Ruling
148,심대평,,자 ,2.0,0,충청남도,,충남,2844.0,199787.0,11739.0,2018537,0.0014089412282261857,0.09897613964965715,0.005815598128743739,18대,Opposition
149,류근찬,,자,2.0,0,충청남도,,충남,2844.0,199787.0,11739.0,2018537,0.0014089412282261857,0.09897613964965715,0.005815598128743739,18대,Ruling
150,이명수,,자,1.0,0,충청남도,,충남,2844.0,199787.0,11739.0,2018537,0.0014089412282261857,0.09897613964965715,0.005815598128743739,18대,Ruling
151,변웅전,,자,3.0,0,충청남도,,충남,2844.0,199787.0,11739.0,2018537,0.0014089412282261857,0.09897613964965715,0.005815598128743739,18대,Ruling
152,이인제,,무 자,5.0,0,충청남도,,충남,2844.0,199787.0,11739.0,2018537,0.0014089412282261857,0.09897613964965715,0.005815598128743739,18대,Ruling
153,이진삼,,자 무,1.0,0,충청남도,,충남,2844.0,199787.0,11739.0,2018537,0.0014089412282261857,0.09897613964965715,0.005815598128743739,18대,Opposition
154,이회창,,자 무,3.0,0,충청남도,,충남,2844.0,199787.0,11739.0,2018537,0.0014089412282261857,0.09897613964965715,0.005815598128743739,18대,Opposition
155,김낙성,,자,2.0,0,충청남도,,충남,2844.0,199787.0,11739.0,2018537,0.0014089412282261857,0.09897613964965715,0.005815598128743739,18대,Ruling
156,이무영,,무,1.0,0,전라북도,1.0,전북,2591.0,85013.0,9720.0,1855772,0.0013961844450719161,0.045810045630605485,0.005237712391392908,18대,Opposition
157,신건,,무,1.0,0,전라북도,,전북,2591.0,85013.0,9720.0,1855772,0.0013961844450719161,0.045810045630605485,0.005237712391392908,18대,Opposition
158,장세환,,통 민,1.0,0,전라북도,,전북,2591.0,85013.0,9720.0,1855772,0.0013961844450719161,0.045810045630605485,0.005237712391392908,18대,Opposition
159,김세웅,,통 민,1.0,0,전라북도,1.0,전북,2591.0,85013.0,9720.0,1855772,0.0013961844450719161,0.045810045630605485,0.005237712391392908,18대,Opposition
160,정동영,,무 민,3.0,0,전라북도,,전북,2591.0,85013.0,9720.0,1855772,0.0013961844450719161,0.045810045630605485,0.005237712391392908,18대,Opposition
161,강봉균,,통 무,3.0,0,전라북도,,전북,2591.0,85013.0,9720.0,1855772,0.0013961844450719161,0.045810045630605485,0.005237712391392908,18대,Opposition
162,이춘석,,통 민,1.0,0,전라북도,,전북,2591.0,85013.0,9720.0,1855772,0.0013961844450719161,0.045810045630605485,0.005237712391392908,18대,Opposition
163,조배숙,,통 무,3.0,0,전라북도,,전북,2591.0,85013.0,9720.0,1855772,0.0013961844450719161,0.045810045630605485,0.005237712391392908,18대,Opposition
164,유성엽,,무,1.0,0,전라북도,,전북,2591.0,85013.0,9720.0,1855772,0.0013961844450719161,0.045810045630605485,0.005237712391392908,18대,Opposition
165,이강래,,통 민,3.0,0,전라북도,,전북,2591.0,85013.0,9720.0,1855772,0.0013961844450719161,0.045810045630605485,0.005237712391392908,18대,Opposition
166,최규성,,통 민,2.0,0,전라북도,,전북,2591.0,85013.0,9720.0,1855772,0.0013961844450719161,0.045810045630605485,0.005237712391392908,18대,Opposition
167,정세균,,통 민,4.0,0,전라북도,,전북,2591.0,85013.0,9720.0,1855772,0.0013961844450719161,0.045810045630605485,0.005237712391392908,18대,Opposition
168,김춘진,,통 민,2.0,0,전라북도,,전북,2591.0,85013.0,9720.0,1855772,0.0013961844450719161,0.045810045630605485,0.005237712391392908,18대,Opposition
169,박주선,,통 무,2.0,0,광주광역시,,광주,356.0,68568.0,13455.0,1422702,0.000250228087118736,0.048195616509992954,0.009457356494894925,18대,Opposition
170,조영택,,통 무,1.0,0,광주광역시,,광주,356.0,68568.0,13455.0,1422702,0.000250228087118736,0.048195616509992954,0.009457356494894925,18대,Opposition
171,김영진,,통 민,5.0,0,광주광역시,,광주,356.0,68568.0,13455.0,1422702,0.000250228087118736,0.048195616509992954,0.009457356494894925,18대,Opposition
172,강운태,,무 민,2.0,0,광주광역시,,광주,356.0,68568.0,13455.0,1422702,0.000250228087118736,0.048195616509992954,0.009457356494894925,18대,Opposition
173,장병완,,민 민,1.0,0,광주광역시,,광주,356.0,68568.0,13455.0,1422702,0.000250228087118736,0.048195616509992954,0.009457356494894925,18대,Opposition
174,강기정,,통 민,2.0,0,광주광역시,,광주,356.0,68568.0,13455.0,1422702,0.000250228087118736,0.048195616509992954,0.009457356494894925,18대,Opposition
175,김재균,,통 무,1.0,0,광주광역시,,광주,356.0,68568.0,13455.0,1422702,0.000250228087118736,0.048195616509992954,0.009457356494894925,18대,Opposition
176,김동철,,통 민,2.0,0,광주광역시,,광주,356.0,68568.0,13455.0,1422702,0.000250228087118736,0.048195616509992954,0.009457356494894925,18대,Opposition
177,이용섭,,통 민,1.0,0,광주광역시,,광주,356.0,68568.0,13455.0,1422702,0.000250228087118736,0.048195616509992954,0.009457356494894925,18대,Opposition
178,박지원,,무 민,1.0,0,전라남도,,전남,3123.0,91190.0,9913.0,1919000,0.0016274101094319957,0.047519541427826995,0.005165711307972902,18대,Opposition
179,김성곤,,통 민,3.0,0,전라남도,,전남,3123.0,91190.0,9913.0,1919000,0.0016274101094319957,0.047519541427826995,0.005165711307972902,18대,Opposition
180,주승용,,통 민,2.0,0,전라남도,,전남,3123.0,91190.0,9913.0,1919000,0.0016274101094319957,0.047519541427826995,0.005165711307972902,18대,Opposition
181,서갑원,,통 민,2.0,0,전라남도,1.0,전남,3123.0,91190.0,9913.0,1919000,0.0016274101094319957,0.047519541427826995,0.005165711307972902,18대,Opposition
182,김선동,,통진,1.0,0,전라남도,,전남,3123.0,91190.0,9913.0,1919000,0.0016274101094319957,0.047519541427826995,0.005165711307972902,18대,Opposition
183,최인기,,무,2.0,0,전라남도,,전남,3123.0,91190.0,9913.0,1919000,0.0016274101094319957,0.047519541427826995,0.005165711307972902,18대,Opposition
184,우윤근,,통 민,2.0,0,전라남도,,전남,3123.0,91190.0,9913.0,1919000,0.0016274101094319957,0.047519541427826995,0.005165711307972902,18대,Opposition
185,김효석,,통 민,3.0,0,전라남도,,전남,3123.0,91190.0,9913.0,1919000,0.0016274101094319957,0.047519541427826995,0.005165711307972902,18대,Opposition
186,박상천,,통 민,5.0,0,전라남도,,전남,3123.0,91190.0,9913.0,1919000,0.0016274101094319957,0.047519541427826995,0.005165711307972902,18대,Opposition
187,김영록,,무 민,1.0,0,전라남도,,전남,3123.0,91190.0,9913.0,1919000,0.0016274101094319957,0.047519541427826995,0.005165711307972902,18대,Opposition
188,유선호,,통 민,3.0,0,전라남도,,전남,3123.0,91190.0,9913.0,1919000,0.0016274101094319957,0.047519541427826995,0.005165711307972902,18대,Opposition
189,이윤석,,무 민,1.0,0,전라남도,,전남,3123.0,91190.0,9913.0,1919000,0.0016274101094319957,0.047519541427826995,0.005165711307972902,18대,Opposition
190,이낙연,,통 민,3.0,0,전라남도,,전남,3123.0,91190.0,9913.0,1919000,0.0016274101094319957,0.047519541427826995,0.005165711307972902,18대,Opposition
191,배영식,,한 무,1.0,0,대구광역시,,대구,245.0,145600.0,19057.0,2492724,9.828605172494026e-05,0.05840999645367879,0.007645050153968109,18대,Ruling
192,주성영,,한 새,2.0,0,대구광역시,,대구,245.0,145600.0,19057.0,2492724,9.828605172494026e-05,0.05840999645367879,0.007645050153968109,18대,Ruling
193,유승민,,한 새,2.0,0,대구광역시,,대구,245.0,145600.0,19057.0,2492724,9.828605172494026e-05,0.05840999645367879,0.007645050153968109,18대,Ruling
194,홍사덕,,친 새,6.0,0,대구광역시,,대구,245.0,145600.0,19057.0,2492724,9.828605172494026e-05,0.05840999645367879,0.007645050153968109,18대,Ruling
195,이명규,,한 무,2.0,0,대구광역시,,대구,245.0,145600.0,19057.0,2492724,9.828605172494026e-05,0.05840999645367879,0.007645050153968109,18대,Ruling
196,서상기,,한 새,2.0,0,대구광역시,,대구,245.0,145600.0,19057.0,2492724,9.828605172494026e-05,0.05840999645367879,0.007645050153968109,18대,Ruling
197,이한구,,한 새,3.0,0,대구광역시,,대구,245.0,145600.0,19057.0,2492724,9.828605172494026e-05,0.05840999645367879,0.007645050153968109,18대,Ruling
198,주호영,,한 새,2.0,0,대구광역시,,대구,245.0,145600.0,19057.0,2492724,9.828605172494026e-05,0.05840999645367879,0.007645050153968109,18대,Ruling
199,박종근,,친 무,4.0,0,대구광역시,,대구,245.0,145600.0,19057.0,2492724,9.828605172494026e-05,0.05840999645367879,0.007645050153968109,18대,Ruling
200,이해봉,,무 새,4.0,0,대구광역시,,대구,245.0,145600.0,19057.0,2492724,9.828605172494026e-05,0.05840999645367879,0.007645050153968109,18대,Ruling
201,조원진,,친 새,1.0,0,대구광역시,,대구,245.0,145600.0,19057.0,2492724,9.828605172494026e-05,0.05840999645367879,0.007645050153968109,18대,Ruling
202,박근혜,,한 새,4.0,0,대구광역시,,대구,245.0,145600.0,19057.0,2492724,9.828605172494026e-05,0.05840999645367879,0.007645050153968109,18대,Ruling
203,이병석,,한 새,3.0,0,경상북도,,경북,2486.0,254744.0,15218.0,2673931,0.0009297173337681488,0.09526947404401984,0.005691246333581532,18대,Ruling
204,이상득,,한 새,6.0,0,경상북도,,경북,2486.0,254744.0,15218.0,2673931,0.0009297173337681488,0.09526947404401984,0.005691246333581532,18대,Ruling
205,김일윤,,친 무,5.0,0,경상북도,1.0,경북,2486.0,254744.0,15218.0,2673931,0.0009297173337681488,0.09526947404401984,0.005691246333581532,18대,Ruling
206,정수성,,무 새,1.0,0,경상북도,,경북,2486.0,254744.0,15218.0,2673931,0.0009297173337681488,0.09526947404401984,0.005691246333581532,18대,Ruling
207,이철우,,한 새,1.0,0,경상북도,,경북,2486.0,254744.0,15218.0,2673931,0.0009297173337681488,0.09526947404401984,0.005691246333581532,18대,Ruling
208,김광림,,무 새,1.0,0,경상북도,,경북,2486.0,254744.0,15218.0,2673931,0.0009297173337681488,0.09526947404401984,0.005691246333581532,18대,Ruling
209,김성조,,한 무,3.0,0,경상북도,,경북,2486.0,254744.0,15218.0,2673931,0.0009297173337681488,0.09526947404401984,0.005691246333581532,18대,Ruling
210,김태환,,무 새,2.0,0,경상북도,,경북,2486.0,254744.0,15218.0,2673931,0.0009297173337681488,0.09526947404401984,0.005691246333581532,18대,Ruling
211,장윤석,,한 새,2.0,0,경상북도,,경북,2486.0,254744.0,15218.0,2673931,0.0009297173337681488,0.09526947404401984,0.005691246333581532,18대,Ruling
212,정희수,,한 새,2.0,0,경상북도,,경북,2486.0,254744.0,15218.0,2673931,0.0009297173337681488,0.09526947404401984,0.005691246333581532,18대,Ruling
213,성윤환,,무 무,1.0,0,경상북도,,경북,2486.0,254744.0,15218.0,2673931,0.0009297173337681488,0.09526947404401984,0.005691246333581532,18대,Opposition
214,이한선,,한 새,1.0,0,경상북도,,경북,2486.0,254744.0,15218.0,2673931,0.0009297173337681488,0.09526947404401984,0.005691246333581532,18대,Ruling
215,최경환,,한 새,2.0,0,경상북도,,경북,2486.0,254744.0,15218.0,2673931,0.0009297173337681488,0.09526947404401984,0.005691246333581532,18대,Ruling
216,이인기,,무 새,3.0,0,경상북도,,경북,2486.0,254744.0,15218.0,2673931,0.0009297173337681488,0.09526947404401984,0.005691246333581532,18대,Ruling
217,정해걸,,무 새,1.0,0,경상북도,,경북,2486.0,254744.0,15218.0,2673931,0.0009297173337681488,0.09526947404401984,0.005691246333581532,18대,Ruling
218,강석호,,한 새,1.0,0,경상북도,,경북,2486.0,254744.0,15218.0,2673931,0.0009297173337681488,0.09526947404401984,0.005691246333581532,18대,Ruling
219,정의화,,한 새,4.0,0,부산광역시,,부산,3297.0,194276.0,31741.0,3564577,0.000924934431210211,0.0545018385070655,0.008904562869591539,18대,Ruling
220,유기준,,무 새,2.0,0,부산광역시,,부산,3297.0,194276.0,31741.0,3564577,0.000924934431210211,0.0545018385070655,0.008904562869591539,18대,Ruling
221,김형오,,한 새,5.0,0,부산광역시,,부산,3297.0,194276.0,31741.0,3564577,0.000924934431210211,0.0545018385070655,0.008904562869591539,18대,Ruling
222,허원제,,한 새,1.0,0,부산광역시,,부산,3297.0,194276.0,31741.0,3564577,0.000924934431210211,0.0545018385070655,0.008904562869591539,18대,Ruling
223,이종혁,,한 새,1.0,0,부산광역시,,부산,3297.0,194276.0,31741.0,3564577,0.000924934431210211,0.0545018385070655,0.008904562869591539,18대,Ruling
224,이진복,,무 새,1.0,0,부산광역시,,부산,3297.0,194276.0,31741.0,3564577,0.000924934431210211,0.0545018385070655,0.008904562869591539,18대,Ruling
225,김정훈,,한 새,2.0,0,부산광역시,,부산,3297.0,194276.0,31741.0,3564577,0.000924934431210211,0.0545018385070655,0.008904562869591539,18대,Ruling
226,김무성,,무 새,4.0,0,부산광역시,,부산,3297.0,194276.0,31741.0,3564577,0.000924934431210211,0.0545018385070655,0.008904562869591539,18대,Ruling
227,박민식,,한 새,1.0,0,부산광역시,,부산,3297.0,194276.0,31741.0,3564577,0.000924934431210211,0.0545018385070655,0.008904562869591539,18대,Ruling
228,허태열,,한 새,3.0,0,부산광역시,,부산,3297.0,194276.0,31741.0,3564577,0.000924934431210211,0.0545018385070655,0.008904562869591539,18대,Ruling
229,서병수,,한 새,3.0,0,부산광역시,,부산,3297.0,194276.0,31741.0,3564577,0.000924934431210211,0.0545018385070655,0.008904562869591539,18대,Ruling
230,안경률,,한 새,3.0,0,부산광역시,,부산,3297.0,194276.0,31741.0,3564577,0.000924934431210211,0.0545018385070655,0.008904562869591539,18대,Ruling
231,현기환,,한 새,1.0,0,부산광역시,,부산,3297.0,194276.0,31741.0,3564577,0.000924934431210211,0.0545018385070655,0.008904562869591539,18대,Ruling
232,조경태,,통 민,2.0,0,부산광역시,,부산,3297.0,194276.0,31741.0,3564577,0.000924934431210211,0.0545018385070655,0.008904562869591539,18대,Opposition
233,김세연,,무 새,1.0,0,부산광역시,,부산,3297.0,194276.0,31741.0,3564577,0.000924934431210211,0.0545018385070655,0.008904562869591539,18대,Ruling
234,박대해,,친 새,1.0,0,부산광역시,,부산,3297.0,194276.0,31741.0,3564577,0.000924934431210211,0.0545018385070655,0.008904562869591539,18대,Ruling
235,유재중,,무 새,1.0,0,부산광역시,,부산,3297.0,194276.0,31741.0,3564577,0.000924934431210211,0.0545018385070655,0.008904562869591539,18대,Ruling
236,장제원,,한 새,1.0,0,부산광역시,,부산,3297.0,194276.0,31741.0,3564577,0.000924934431210211,0.0545018385070655,0.008904562869591539,18대,Ruling
237,정갑윤,,한 새,3.0,0,울산광역시,,울산,140.0,151819.0,9141.0,1112407,0.00012585321739255506,0.13647792579514512,0.008217316144181041,18대,Ruling
238,최병국,,한 무,3.0,0,울산광역시,,울산,140.0,151819.0,9141.0,1112407,0.00012585321739255506,0.13647792579514512,0.008217316144181041,18대,Ruling
239,김기현,,한 새,2.0,0,울산광역시,,울산,140.0,151819.0,9141.0,1112407,0.00012585321739255506,0.13647792579514512,0.008217316144181041,18대,Ruling
240,안효대,,한 새,1.0,0,울산광역시,,울산,140.0,151819.0,9141.0,1112407,0.00012585321739255506,0.13647792579514512,0.008217316144181041,18대,Ruling
241,윤두환,,한 새,3.0,0,울산광역시,1.0,울산,140.0,151819.0,9141.0,1112407,0.00012585321739255506,0.13647792579514512,0.008217316144181041,18대,Ruling
242,조승수,,진신 통진,1.0,0,울산광역시,,울산,140.0,151819.0,9141.0,1112407,0.00012585321739255506,0.13647792579514512,0.008217316144181041,18대,Opposition
243,강길부,,무 새,2.0,0,울산광역시,,울산,140.0,151819.0,9141.0,1112407,0.00012585321739255506,0.13647792579514512,0.008217316144181041,18대,Ruling
244,권경석,,한 새,2.0,0,경상남도,,경남,2319.0,376041.0,21521.0,3225255,0.0007190129152578633,0.11659264151206648,0.0066726506896353935,18대,Ruling
245,권영길,,민 통,2.0,0,경상남도,,경남,2319.0,376041.0,21521.0,3225255,0.0007190129152578633,0.11659264151206648,0.0066726506896353935,18대,Opposition
246,이주영,,한 새,3.0,0,경상남도,,경남,2319.0,376041.0,21521.0,3225255,0.0007190129152578633,0.11659264151206648,0.0066726506896353935,18대,Ruling
247,안홍준,,한 새,2.0,0,경상남도,,경남,2319.0,376041.0,21521.0,3225255,0.0007190129152578633,0.11659264151206648,0.0066726506896353935,18대,Ruling
248,최구식,,무 무,2.0,0,경상남도,,경남,2319.0,376041.0,21521.0,3225255,0.0007190129152578633,0.11659264151206648,0.0066726506896353935,18대,Opposition
249,김재경,,한 새,2.0,0,경상남도,,경남,2319.0,376041.0,21521.0,3225255,0.0007190129152578633,0.11659264151206648,0.0066726506896353935,18대,Ruling
250,김학송,,한 새,3.0,0,경상남도,,경남,2319.0,376041.0,21521.0,3225255,0.0007190129152578633,0.11659264151206648,0.0066726506896353935,18대,Ruling
251,이군현,,한 새,2.0,0,경상남도,,경남,2319.0,376041.0,21521.0,3225255,0.0007190129152578633,0.11659264151206648,0.0066726506896353935,18대,Ruling
252,강기갑,,민 통진,2.0,0,경상남도,,경남,2319.0,376041.0,21521.0,3225255,0.0007190129152578633,0.11659264151206648,0.0066726506896353935,18대,Opposition
253,김정권,,한 새,2.0,0,경상남도,,경남,2319.0,376041.0,21521.0,3225255,0.0007190129152578633,0.11659264151206648,0.0066726506896353935,18대,Ruling
254,최철국,,통 민,2.0,0,경상남도,1.0,경남,2319.0,376041.0,21521.0,3225255,0.0007190129152578633,0.11659264151206648,0.0066726506896353935,18대,Opposition
255,김태호,,한 새,1.0,0,경상남도,,경남,2319.0,376041.0,21521.0,3225255,0.0007190129152578633,0.11659264151206648,0.0066726506896353935,18대,Ruling
256,조해진,,한 새,1.0,0,경상남도,,경남,2319.0,376041.0,21521.0,3225255,0.0007190129152578633,0.11659264151206648,0.0066726506896353935,18대,Ruling
257,윤영,,한 새,1.0,0,경상남도,,경남,2319.0,376041.0,21521.0,3225255,0.0007190129152578633,0.11659264151206648,0.0066726506896353935,18대,Ruling
258,허범도,,한,1.0,0,경상남도,1.0,경남,2319.0,376041.0,21521.0,3225255,0.0007190129152578633,0.11659264151206648,0.0066726506896353935,18대,Ruling
259,박희태,,한 새,6.0,0,경상남도,,경남,2319.0,376041.0,21521.0,3225255,0.0007190129152578633,0.11659264151206648,0.0066726506896353935,18대,Ruling
260,조진래,,한 새,1.0,0,경상남도,,경남,2319.0,376041.0,21521.0,3225255,0.0007190129152578633,0.11659264151206648,0.0066726506896353935,18대,Ruling
261,여상규,,한 새,1.0,0,경상남도,,경남,2319.0,376041.0,21521.0,3225255,0.0007190129152578633,0.11659264151206648,0.0066726506896353935,18대,Ruling
262,신성범,,한 새,1.0,0,경상남도,,경남,2319.0,376041.0,21521.0,3225255,0.0007190129152578633,0.11659264151206648,0.0066726506896353935,18대,Ruling
263,강창일,,통 민,2.0,0,제주특별자치도,,제주,3980.0,8657.0,3865.0,560618,0.007099308263380769,0.015441887345750582,0.006894177496976551,18대,Opposition
264,김우남,,통 민,2.0,0,제주특별자치도,,제주,3980.0,8657.0,3865.0,560618,0.007099308263380769,0.015441887345750582,0.006894177496976551,18대,Opposition
265,김재윤,,통 민,2.0,0,제주특별자치도,,제주,3980.0,8657.0,3865.0,560618,0.007099308263380769,0.015441887345750582,0.006894177496976551,18대,Opposition
266,강명순,sn18,한 새,1.0,1,비례대표,,비례,,,,None,,,,18대,Ruling
267,임두성,,한 새,1.0,1,비례대표,1.0,비례,,,,None,,,,18대,Ruling
268,배은희,,한 새,1.0,1,비례대표,,비례,,,,None,,,,18대,Ruling
269,강성천,,한 새,1.0,1,비례대표,,비례,,,,None,,,,18대,Ruling
270,이정선,,한 새,1.0,1,비례대표,,비례,,,,None,,,,18대,Ruling
271,김장수,,한 새,1.0,1,비례대표,,비례,,,,None,,,,18대,Ruling
272,김소남,,한 새,1.0,1,비례대표,,비례,,,,None,,,,18대,Ruling
273,정진석,,한 새,3.0,1,비례대표,1.0,비례,,,,None,,,,18대,Ruling
274,이은재,,한 새,1.0,1,비례대표,,비례,,,,None,,,,18대,Ruling
275,이달곤,,한 새,1.0,1,비례대표,1.0,비례,,,,None,,,,18대,Ruling
276,김금래,,한 새,1.0,1,비례대표,1.0,비례,,,,None,,,,18대,Ruling
277,나성린,,한 새,1.0,1,비례대표,,비례,,,,None,,,,18대,Ruling
278,조윤선,,한 새,1.0,1,비례대표,,비례,,,,None,,,,18대,Ruling
279,조문환,,한 새,1.0,1,비례대표,,비례,,,,None,,,,18대,Ruling
280,손숙미,,한 새,1.0,1,비례대표,,비례,,,,None,,,,18대,Ruling
281,원희목,,한 새,1.0,1,비례대표,,비례,,,,None,,,,18대,Ruling
282,이애주,,한 새,1.0,1,비례대표,,비례,,,,None,,,,18대,Ruling
283,이추닉,,한 새,1.0,1,비례대표,,비례,,,,None,,,,18대,Ruling
284,정옥임,,한 새,1.0,1,비례대표,,비례,,,,None,,,,18대,Ruling
285,임동규,,한 새,1.0,1,비례대표,,비례,,,,None,,,,18대,Ruling
286,김옥이,,한 새,1.0,1,비례대표,,비례,,,,None,,,,18대,Ruling
287,이정현,,한 새,1.0,1,비례대표,,비례,,,,None,,,,18대,Ruling
288,이두아,,한 새,1.0,1,비례대표,,비례,,,,None,,,,18대,Ruling
289,김성동,,한 새,1.0,1,비례대표,,비례,,,,None,,,,18대,Ruling
290,최경희,,한 새,1.0,1,비례대표,,비례,,,,None,,,,18대,Ruling
291,이영애,,한 새,1.0,1,비례대표,,비례,,,,None,,,,18대,Ruling
292,이성남,mj18,통 민,1.0,1,비례대표,,비례,,,,None,,,,18대,Opposition
293,박은수,,통 민,1.0,1,비례대표,,비례,,,,None,,,,18대,Opposition
294,최영희,,통 민,1.0,1,비례대표,,비례,,,,None,,,,18대,Opposition
295,송민순,,통 민,1.0,1,비례대표,,비례,,,,None,,,,18대,Opposition
296,전혜숙,,통 민,1.0,1,비례대표,,비례,,,,None,,,,18대,Opposition
297,정국교,,통 민,1.0,1,비례대표,1.0,비례,,,,None,,,,18대,Opposition
298,전현희,,통 민,1.0,1,비례대표,,비례,,,,None,,,,18대,Opposition
299,서종표,,통 민,1.0,1,비례대표,,비례,,,,None,,,,18대,Opposition
300,신낙균,,통 민,2.0,1,비례대표,,비례,,,,None,,,,18대,Opposition
301,최문순,,통 민,1.0,1,비례대표,,비례,,,,None,,,,18대,Opposition
302,김상희,,통 민,1.0,1,비례대표,,비례,,,,None,,,,18대,Opposition
303,김충조,,통 민,5.0,1,비례대표,1.0,비례,,,,None,,,,18대,Opposition
304,박선숙,,통 민,1.0,1,비례대표,,비례,,,,None,,,,18대,Opposition
305,안규백,,통 민,1.0,1,비례대표,,비례,,,,None,,,,18대,Opposition
306,김유정,,통 민,1.0,1,비례대표,,비례,,,,None,,,,18대,Opposition
307,박홍수,,통 민,1.0,1,비례대표,1.0,비례,,,,None,,,,18대,Opposition
308,김진애,,통 민,1.0,1,비례대표,,비례,,,,None,,,,18대,Opposition
309,김학재,,통 민,1.0,1,비례대표,,비례,,,,None,,,,18대,Opposition
310,이영애,ss18,자,1.0,1,비례대표,,비례,,,,None,,,,18대,Ruling
311,조순형,,자,7.0,1,비례대표,,비례,,,,None,,,,18대,Ruling
312,박선영,,자,1.0,1,비례대표,,비례,,,,None,,,,18대,Ruling
313,김용구,,자,1.0,1,비례대표,,비례,,,,None,,,,18대,Ruling
314,양정례,sn18,친 새,1.0,1,비례대표,1.0,비례,,,,None,,,,18대,Ruling
315,서청원,sn18,친 새,6.0,1,비례대표,1.0,비례,,,,None,,,,18대,Ruling
316,김노식,,친 새,2.0,1,비례대표,1.0,비례,,,,None,,,,18대,Ruling
317,송영선,,친 새,2.0,1,비례대표,,비례,,,,None,,,,18대,Ruling
318,김을동,,친 새,1.0,1,비례대표,,비례,,,,None,,,,18대,Ruling
319,정하균,,친 새,1.0,1,비례대표,,비례,,,,None,,,,18대,Ruling
320,정영희,,친 새,1.0,1,비례대표,,비례,,,,None,,,,18대,Ruling
321,노철래,,친 새,1.0,1,비례대표,,비례,,,,None,,,,18대,Ruling
322,김혜성,,친 새,1.0,1,비례대표,,비례,,,,None,,,,18대,Ruling
323,윤상일,,친 새,1.0,1,비례대표,,비례,,,,None,,,,18대,Ruling
324,김정,,친 새,1.0,1,비례대표,,비례,,,,None,,,,18대,Ruling
325,곽정숙,ss18,민 통진,1.0,1,비례대표,,비례,,,,None,,,,18대,Opposition
326,홍희덕,ss18,민 통진,1.0,1,비례대표,,비례,,,,None,,,,18대,Opposition
327,이정희,ss18,민 통진,1.0,1,비례대표,,비례,,,,None,,,,18대,Opposition
328,이용경,mu18,창 무,1.0,1,비례대표,,비례,,,,None,,,,18대,Opposition
329,이한정,mu18,창 무,1.0,1,비례대표,1.0,비례,,,,None,,,,18대,Opposition
330,유원일,mu18,창 무,1.0,1,비례대표,1.0,비례,,,,None,,,,18대,Opposition
331,선경식,mu18,창 무,1.0,1,비례대표,,비례,,,,None,,,,18대,Opposition
0,정세균,,민 더,5.0,0,서울특별시,,서울,295.0,277232.0,398110.0,10195318,,,,19대,Opposition
1,정호준,,민 국,1.0,0,서울특별시,,서울,295.0,277232.0,398110.0,10195318,,,,19대,Opposition
2,진영,,새 더,3.0,0,서울특별시,,서울,295.0,277232.0,398110.0,10195318,,,,19대,Opposition
3,최재천,,민 무,2.0,0,서울특별시,,서울,295.0,277232.0,398110.0,10195318,,,,19대,Opposition
4,홍익표,,민 더,1.0,0,서울특별시,,서울,295.0,277232.0,398110.0,10195318,,,,19대,Opposition
5,김한길,,민 국,4.0,0,서울특별시,,서울,295.0,277232.0,398110.0,10195318,,,,19대,Opposition
6,추미애,,민 더,4.0,0,서울특별시,,서울,295.0,277232.0,398110.0,10195318,,,,19대,Opposition
7,안규백,,민 더,2.0,0,서울특별시,,서울,295.0,277232.0,398110.0,10195318,,,,19대,Opposition
8,민병두,,민 더,2.0,0,서울특별시,,서울,295.0,277232.0,398110.0,10195318,,,,19대,Opposition
9,서영교,,민 더,1.0,0,서울특별시,,서울,295.0,277232.0,398110.0,10195318,,,,19대,Opposition
10,박홍근,,민 더,1.0,0,서울특별시,,서울,295.0,277232.0,398110.0,10195318,,,,19대,Opposition
11,유승희,,민 더,2.0,0,서울특별시,,서울,295.0,277232.0,398110.0,10195318,,,,19대,Opposition
12,신계륜,,민 더,4.0,0,서울특별시,,서울,295.0,277232.0,398110.0,10195318,,,,19대,Opposition
13,오영식,,민 더,3.0,0,서울특별시,,서울,295.0,277232.0,398110.0,10195318,,,,19대,Opposition
14,유대운,,민 더,1.0,0,서울특별시,,서울,295.0,277232.0,398110.0,10195318,,,,19대,Opposition
15,인재근,,민 더,1.0,0,서울특별시,,서울,295.0,277232.0,398110.0,10195318,,,,19대,Opposition
16,유인태,,민 더,3.0,0,서울특별시,,서울,295.0,277232.0,398110.0,10195318,,,,19대,Opposition
17,이노근,,새 더,1.0,0,서울특별시,,서울,295.0,277232.0,398110.0,10195318,,,,19대,Opposition
18,우원식,,민 더,2.0,0,서울특별시,,서울,295.0,277232.0,398110.0,10195318,,,,19대,Opposition
19,노회찬,,통 진,2.0,0,서울특별시,,서울,295.0,277232.0,398110.0,10195318,,,,19대,Opposition
20,안철수,,무 국,1.0,0,서울특별시,,서울,295.0,277232.0,398110.0,10195318,,,,19대,Opposition
21,이미경,,민 더,5.0,0,서울특별시,,서울,295.0,277232.0,398110.0,10195318,,,,19대,Opposition
22,이재오,,새 무,5.0,0,서울특별시,,서울,295.0,277232.0,398110.0,10195318,,,,19대,Ruling
23,우상호,,민 더,2.0,0,서울특별시,,서울,295.0,277232.0,398110.0,10195318,,,,19대,Opposition
24,정두언,,새 ,3.0,0,서울특별시,,서울,295.0,277232.0,398110.0,10195318,,,,19대,Ruling
25,노웅래,,민 더,2.0,0,서울특별시,,서울,295.0,277232.0,398110.0,10195318,,,,19대,Opposition
26,정청래,,민 더,2.0,0,서울특별시,,서울,295.0,277232.0,398110.0,10195318,,,,19대,Opposition
27,길정우,,새,1.0,0,서울특별시,,서울,295.0,277232.0,398110.0,10195318,,,,19대,Ruling
28,김용태,,새,2.0,0,서울특별시,,서울,295.0,277232.0,398110.0,10195318,,,,19대,Ruling
29,신기남,,민 민,4.0,0,서울특별시,,서울,295.0,277232.0,398110.0,10195318,,,,19대,Opposition
30,김성태,,새,2.0,0,서울특별시,,서울,295.0,277232.0,398110.0,10195318,,,,19대,Ruling
31,이인영,,민 더,2.0,0,서울특별시,,서울,295.0,277232.0,398110.0,10195318,,,,19대,Opposition
32,박영선,,민 더,3.0,0,서울특별시,,서울,295.0,277232.0,398110.0,10195318,,,,19대,Opposition
33,이목희,,민 더,2.0,0,서울특별시,,서울,295.0,277232.0,398110.0,10195318,,,,19대,Opposition
34,김영주,,민 더,2.0,0,서울특별시,,서울,295.0,277232.0,398110.0,10195318,,,,19대,Opposition
35,신경님,,민 더,1.0,0,서울특별시,,서울,295.0,277232.0,398110.0,10195318,,,,19대,Opposition
36,전병헌,,민 더,3.0,0,서울특별시,,서울,295.0,277232.0,398110.0,10195318,,,,19대,Opposition
37,정몽준,,새,7.0,0,서울특별시,,서울,295.0,277232.0,398110.0,10195318,,,,19대,Ruling
38,나경원,,새,3.0,0,서울특별시,,서울,295.0,277232.0,398110.0,10195318,,,,19대,Ruling
39,유기홍,,민 더,2.0,0,서울특별시,,서울,295.0,277232.0,398110.0,10195318,,,,19대,Opposition
40,이상규,,통진,1.0,0,서울특별시,,서울,295.0,277232.0,398110.0,10195318,,,,19대,Opposition
41,오신환,,새,1.0,0,서울특별시,,서울,295.0,277232.0,398110.0,10195318,,,,19대,Ruling
42,김회선,,새,1.0,0,서울특별시,,서울,295.0,277232.0,398110.0,10195318,,,,19대,Ruling
43,강석훈,,새,1.0,0,서울특별시,,서울,295.0,277232.0,398110.0,10195318,,,,19대,Ruling
44,심윤조,,새,1.0,0,서울특별시,,서울,295.0,277232.0,398110.0,10195318,,,,19대,Ruling
45,김종훈,,새,1.0,0,서울특별시,,서울,295.0,277232.0,398110.0,10195318,,,,19대,Ruling
46,박인숙,,새,1.0,0,서울특별시,,서울,295.0,277232.0,398110.0,10195318,,,,19대,Ruling
47,유일호,,새,2.0,0,서울특별시,,서울,295.0,277232.0,398110.0,10195318,,,,19대,Ruling
48,김을동,,새,2.0,0,서울특별시,,서울,295.0,277232.0,398110.0,10195318,,,,19대,Ruling
49,신동우,,새,1.0,0,서울특별시,,서울,295.0,277232.0,398110.0,10195318,,,,19대,Ruling
50,심재권,,민 더,2.0,0,서울특별시,,서울,295.0,277232.0,398110.0,10195318,,,,19대,Opposition
51,박상은,,새,2.0,0,인천광역시,1.0,인천,123.0,226191.0,21356.0,2843981,,,,19대,Ruling
52,홍일표,,새,2.0,0,인천광역시,,인천,123.0,226191.0,21356.0,2843981,,,,19대,Ruling
53,윤상현,,새 무,2.0,0,인천광역시,,인천,123.0,226191.0,21356.0,2843981,,,,19대,Ruling
54,황우여,,새,5.0,0,인천광역시,,인천,123.0,226191.0,21356.0,2843981,,,,19대,Ruling
55,박남춘,,민 더,1.0,0,인천광역시,,인천,123.0,226191.0,21356.0,2843981,,,,19대,Opposition
56,윤관석,,민 더,1.0,0,인천광역시,,인천,123.0,226191.0,21356.0,2843981,,,,19대,Opposition
57,문병호,,민 국,2.0,0,인천광역시,,인천,123.0,226191.0,21356.0,2843981,,,,19대,Opposition
58,홍영표,,민 더,2.0,0,인천광역시,,인천,123.0,226191.0,21356.0,2843981,,,,19대,Opposition
59,신학용,,민 국,3.0,0,인천광역시,,인천,123.0,226191.0,21356.0,2843981,,,,19대,Opposition
60,최원석,,민 국,1.0,0,인천광역시,,인천,123.0,226191.0,21356.0,2843981,,,,19대,Opposition
61,이학재,,새,2.0,0,인천광역시,,인천,123.0,226191.0,21356.0,2843981,,,,19대,Ruling
62,안덕수,,새,1.0,0,인천광역시,1.0,인천,123.0,226191.0,21356.0,2843981,,,,19대,Ruling
63,안상수,,새 무,2.0,0,인천광역시,,인천,123.0,226191.0,21356.0,2843981,,,,19대,Ruling
64,이찬열,,민 더,2.0,0,경기도,,경기,3553.0,1131679.0,160649.0,12093299,,,,19대,Opposition
65,신장용,,민 민,1.0,0,경기도,1.0,경기,3553.0,1131679.0,160649.0,12093299,,,,19대,Opposition
66,정미경,,새,2.0,0,경기도,,경기,3553.0,1131679.0,160649.0,12093299,,,,19대,Ruling
67,남경필,,새,5.0,0,경기도,,경기,3553.0,1131679.0,160649.0,12093299,,,,19대,Ruling
68,김용남,,새,1.0,0,경기도,,경기,3553.0,1131679.0,160649.0,12093299,,,,19대,Ruling
69,김진표,,민 새,3.0,0,경기도,,경기,3553.0,1131679.0,160649.0,12093299,,,,19대,Ruling
70,박광온,,새 더,1.0,0,경기도,,경기,3553.0,1131679.0,160649.0,12093299,,,,19대,Opposition
71,김태년,,민 더,2.0,0,경기도,,경기,3553.0,1131679.0,160649.0,12093299,,,,19대,Opposition
72,김미희,,통진,1.0,0,경기도,2.0,경기,3553.0,1131679.0,160649.0,12093299,,,,19대,Opposition
73,신상진,,새,3.0,0,경기도,,경기,3553.0,1131679.0,160649.0,12093299,,,,19대,Ruling
74,이종훈,,새,1.0,0,경기도,,경기,3553.0,1131679.0,160649.0,12093299,,,,19대,Ruling
75,전하진,,새,1.0,0,경기도,,경기,3553.0,1131679.0,160649.0,12093299,,,,19대,Ruling
76,문희상,,민 더,5.0,0,경기도,,경기,3553.0,1131679.0,160649.0,12093299,,,,19대,Opposition
77,홍문종,,새,3.0,0,경기도,,경기,3553.0,1131679.0,160649.0,12093299,,,,19대,Ruling
78,이종걸,,민 더,4.0,0,경기도,,경기,3553.0,1131679.0,160649.0,12093299,,,,19대,Opposition
79,이석현,,민 더,5.0,0,경기도,,경기,3553.0,1131679.0,160649.0,12093299,,,,19대,Opposition
80,심재철,,새,4.0,0,경기도,,경기,3553.0,1131679.0,160649.0,12093299,,,,19대,Ruling
81,김경협,,민 더,1.0,0,경기도,,경기,3553.0,1131679.0,160649.0,12093299,,,,19대,Opposition
82,설훈,,민 더,3.0,0,경기도,,경기,3553.0,1131679.0,160649.0,12093299,,,,19대,Opposition
83,김상희,,민 더,2.0,0,경기도,,경기,3553.0,1131679.0,160649.0,12093299,,,,19대,Opposition
84,원혜영,,민 더,4.0,0,경기도,,경기,3553.0,1131679.0,160649.0,12093299,,,,19대,Opposition
85,백재현,,민 더,2.0,0,경기도,,경기,3553.0,1131679.0,160649.0,12093299,,,,19대,Opposition
86,이언주,,민 더,1.0,0,경기도,,경기,3553.0,1131679.0,160649.0,12093299,,,,19대,Opposition
87,원유철,,새,4.0,0,경기도,,경기,3553.0,1131679.0,160649.0,12093299,,,,19대,Ruling
88,이재영,,새,1.0,0,경기도,1.0,경기,3553.0,1131679.0,160649.0,12093299,,,,19대,Ruling
89,유의동,,새,1.0,0,경기도,,경기,3553.0,1131679.0,160649.0,12093299,,,,19대,Ruling
90,정성호,,민 더,2.0,0,경기도,,경기,3553.0,1131679.0,160649.0,12093299,,,,19대,Opposition
91,전해철,,민 더,1.0,0,경기도,,경기,3553.0,1131679.0,160649.0,12093299,,,,19대,Opposition
92,김영환,,민 국,4.0,0,경기도,,경기,3553.0,1131679.0,160649.0,12093299,,,,19대,Opposition
93,김명연,,새,1.0,0,경기도,,경기,3553.0,1131679.0,160649.0,12093299,,,,19대,Ruling
94,부좌현,,민 국,1.0,0,경기도,,경기,3553.0,1131679.0,160649.0,12093299,,,,19대,Opposition
95,심상정,,통진 정,2.0,0,경기도,,경기,3553.0,1131679.0,160649.0,12093299,,,,19대,Opposition
96,김태원,,새,2.0,0,경기도,,경기,3553.0,1131679.0,160649.0,12093299,,,,19대,Ruling
97,유은혜,,민 더,1.0,0,경기도,,경기,3553.0,1131679.0,160649.0,12093299,,,,19대,Opposition
98,김현미,,민 더,2.0,0,경기도,,경기,3553.0,1131679.0,160649.0,12093299,,,,19대,Opposition
99,송호창,,민 더,1.0,0,경기도,,경기,3553.0,1131679.0,160649.0,12093299,,,,19대,Opposition
100,윤호중,,민 더,2.0,0,경기도,,경기,3553.0,1131679.0,160649.0,12093299,,,,19대,Opposition
101,최재성,,민 더,3.0,0,경기도,,경기,3553.0,1131679.0,160649.0,12093299,,,,19대,Opposition
102,박기춘,,민 무,3.0,0,경기도,,경기,3553.0,1131679.0,160649.0,12093299,,,,19대,Opposition
103,안민석,,민 더,3.0,0,경기도,,경기,3553.0,1131679.0,160649.0,12093299,,,,19대,Opposition
104,고희선,,새 ,2.0,0,경기도,3.0,경기,3553.0,1131679.0,160649.0,12093299,,,,19대,Ruling
105,서청원,,새,7.0,0,경기도,,경기,3553.0,1131679.0,160649.0,12093299,,,,19대,Ruling
106,이원욱,,민 더,1.0,0,경기도,,경기,3553.0,1131679.0,160649.0,12093299,,,,19대,Opposition
107,함진규,,새,1.0,0,경기도,,경기,3553.0,1131679.0,160649.0,12093299,,,,19대,Ruling
108,조정식,,민 더,3.0,0,경기도,,경기,3553.0,1131679.0,160649.0,12093299,,,,19대,Opposition
109,이학영,,민 더,1.0,0,경기도,,경기,3553.0,1131679.0,160649.0,12093299,,,,19대,Opposition
110,이현재,,새,1.0,0,경기도,,경기,3553.0,1131679.0,160649.0,12093299,,,,19대,Ruling
111,윤후덕,,민 더,1.0,0,경기도,,경기,3553.0,1131679.0,160649.0,12093299,,,,19대,Opposition
112,황진하,,새,3.0,0,경기도,,경기,3553.0,1131679.0,160649.0,12093299,,,,19대,Ruling
113,유승우,,새 무,1.0,0,경기도,,경기,3553.0,1131679.0,160649.0,12093299,,,,19대,Ruling
114,이우현,,새 ,1.0,0,경기도,,경기,3553.0,1131679.0,160649.0,12093299,,,,19대,Ruling
115,김민기,,민 더,1.0,0,경기도,,경기,3553.0,1131679.0,160649.0,12093299,,,,19대,Opposition
116,한선교,,새,3.0,0,경기도,,경기,3553.0,1131679.0,160649.0,12093299,,,,19대,Ruling
117,김학용,,새,2.0,0,경기도,,경기,3553.0,1131679.0,160649.0,12093299,,,,19대,Ruling
118,유정복,,새,3.0,0,경기도,,경기,3553.0,1131679.0,160649.0,12093299,,,,19대,Ruling
119,홍철호,,새,1.0,0,경기도,,경기,3553.0,1131679.0,160649.0,12093299,,,,19대,Ruling
120,노철래,,새,2.0,0,경기도,,경기,3553.0,1131679.0,160649.0,12093299,,,,19대,Ruling
121,김영우,,새,2.0,0,경기도,,경기,3553.0,1131679.0,160649.0,12093299,,,,19대,Ruling
122,정병국,,새,4.0,0,경기도,,경기,3553.0,1131679.0,160649.0,12093299,,,,19대,Ruling
123,김진태,,새,1.0,0,강원도,,강원,2286.0,48126.0,10965.0,1538630,,,,19대,Ruling
124,김기선,,새,1.0,0,강원도,,강원,2286.0,48126.0,10965.0,1538630,,,,19대,Ruling
125,이강후,,새,1.0,0,강원도,,강원,2286.0,48126.0,10965.0,1538630,,,,19대,Ruling
126,권성동,,새,2.0,0,강원도,,강원,2286.0,48126.0,10965.0,1538630,,,,19대,Ruling
127,이이재,,새,1.0,0,강원도,,강원,2286.0,48126.0,10965.0,1538630,,,,19대,Ruling
128,정문현,,새,2.0,0,강원도,,강원,2286.0,48126.0,10965.0,1538630,,,,19대,Ruling
129,염동열,,새,1.0,0,강원도,,강원,2286.0,48126.0,10965.0,1538630,,,,19대,Ruling
130,황영철,,새,2.0,0,강원도,,강원,2286.0,48126.0,10965.0,1538630,,,,19대,Ruling
131,한기호,,새,2.0,0,강원도,,강원,2286.0,48126.0,10965.0,1538630,,,,19대,Ruling
132,정우택,,새,3.0,0,충청북도,,충북,1630.0,156920.0,13386.0,1565628,,,,19대,Ruling
133,오제세,,민 더,3.0,0,충청북도,,충북,1630.0,156920.0,13386.0,1565628,,,,19대,Opposition
134,노영민,,민 더,3.0,0,충청북도,,충북,1630.0,156920.0,13386.0,1565628,,,,19대,Opposition
135,윤진식,,새,2.0,0,충청북도,,충북,1630.0,156920.0,13386.0,1565628,,,,19대,Ruling
136,이종배,,새,1.0,0,충청북도,,충북,1630.0,156920.0,13386.0,1565628,,,,19대,Ruling
137,송광호,,새,4.0,0,충청북도,1.0,충북,1630.0,156920.0,13386.0,1565628,,,,19대,Ruling
138,변재일,,민 더,3.0,0,충청북도,,충북,1630.0,156920.0,13386.0,1565628,,,,19대,Opposition
139,박덕흠,,새,1.0,0,충청북도,,충북,1630.0,156920.0,13386.0,1565628,,,,19대,Ruling
140,경대수,,새,1.0,0,충청북도,,충북,1630.0,156920.0,13386.0,1565628,,,,19대,Ruling
141,이장우,,새,1.0,0,대전광역시,,대전,282.0,55135.0,35666.0,1524583,,,,19대,Ruling
142,강창희,,새,6.0,0,대전광역시,,대전,282.0,55135.0,35666.0,1524583,,,,19대,Ruling
143,박병석,,민 더,4.0,0,대전광역시,,대전,282.0,55135.0,35666.0,1524583,,,,19대,Opposition
144,박범계,,민 더,1.0,0,대전광역시,,대전,282.0,55135.0,35666.0,1524583,,,,19대,Opposition
145,이상민,,민 더,3.0,0,대전광역시,,대전,282.0,55135.0,35666.0,1524583,,,,19대,Opposition
146,박성효,,새 ,1.0,0,대전광역시,,대전,282.0,55135.0,35666.0,1524583,,,,19대,Ruling
147,정용기,,새,1.0,0,대전광역시,,대전,282.0,55135.0,35666.0,1524583,,,,19대,Ruling
148,이해찬,,민 무,6.0,0,세종특별자치시,,세종,52.0,16407.0,700.0,113117,,,,19대,Opposition
149,양승조,,민 더,3.0,0,충청남도,,충남,2480.0,240107.0,12670.0,2028777,,,,19대,Opposition
150,박완주,,민 더,1.0,0,충청남도,,충남,2480.0,240107.0,12670.0,2028777,,,,19대,Opposition
151,박수현,,민 더,1.0,0,충청남도,,충남,2480.0,240107.0,12670.0,2028777,,,,19대,Opposition
152,김태흠,,새,1.0,0,충청남도,,충남,2480.0,240107.0,12670.0,2028777,,,,19대,Ruling
153,이명수,,자 새,2.0,0,충청남도,,충남,2480.0,240107.0,12670.0,2028777,,,,19대,Ruling
154,성완종,,자 새,1.0,0,충청남도,1.0,충남,2480.0,240107.0,12670.0,2028777,,,,19대,Ruling
155,김제식,,새,1.0,0,충청남도,,충남,2480.0,240107.0,12670.0,2028777,,,,19대,Ruling
156,이인제,,자 새,6.0,0,충청남도,,충남,2480.0,240107.0,12670.0,2028777,,,,19대,Ruling
157,김동완,,새,1.0,0,충청남도,,충남,2480.0,240107.0,12670.0,2028777,,,,19대,Ruling
158,김근태,,새,1.0,0,충청남도,1.0,충남,2480.0,240107.0,12670.0,2028777,,,,19대,Ruling
159,이완구,,새,3.0,0,충청남도,,충남,2480.0,240107.0,12670.0,2028777,,,,19대,Ruling
160,홍문표,,새,2.0,0,충청남도,,충남,2480.0,240107.0,12670.0,2028777,,,,19대,Ruling
161,김윤덕,,민 더,1.0,0,전라북도,,전북,3127.0,109262.0,11807.0,1873341,,,,19대,Opposition
162,이상직,,민 더,1.0,0,전라북도,,전북,3127.0,109262.0,11807.0,1873341,,,,19대,Opposition
163,김성주,,민 더,1.0,0,전라북도,,전북,3127.0,109262.0,11807.0,1873341,,,,19대,Opposition
164,김관영,,민 국,1.0,0,전라북도,,전북,3127.0,109262.0,11807.0,1873341,,,,19대,Opposition
165,이춘석,,민 더,2.0,0,전라북도,,전북,3127.0,109262.0,11807.0,1873341,,,,19대,Opposition
166,전정희,,민 국,1.0,0,전라북도,,전북,3127.0,109262.0,11807.0,1873341,,,,19대,Opposition
167,유성엽,,무 국,2.0,0,전라북도,,전북,3127.0,109262.0,11807.0,1873341,,,,19대,Opposition
168,강동원,,통진 무,1.0,0,전라북도,,전북,3127.0,109262.0,11807.0,1873341,,,,19대,Opposition
169,최규성,,민 더,3.0,0,전라북도,,전북,3127.0,109262.0,11807.0,1873341,,,,19대,Opposition
170,박민수,,민 더,1.0,0,전라북도,,전북,3127.0,109262.0,11807.0,1873341,,,,19대,Opposition
171,김춘진,,민 더,3.0,0,전라북도,,전북,3127.0,109262.0,11807.0,1873341,,,,19대,Opposition
172,박주선,,무 국,3.0,0,광주광역시,,광주,430.0,79992.0,14273.0,1469216,,,,19대,Opposition
173,박혜자,,민 더,1.0,0,광주광역시,,광주,430.0,79992.0,14273.0,1469216,,,,19대,Opposition
174,오병윤,,통진,1.0,0,광주광역시,,광주,430.0,79992.0,14273.0,1469216,,,,19대,Opposition
175,천정배,,무 국,5.0,0,광주광역시,,광주,430.0,79992.0,14273.0,1469216,,,,19대,Opposition
176,장병완,,민 국,2.0,0,광주광역시,,광주,430.0,79992.0,14273.0,1469216,,,,19대,Opposition
177,강기정,,민 더,3.0,0,광주광역시,,광주,430.0,79992.0,14273.0,1469216,,,,19대,Opposition
178,임내현,,민 국,1.0,0,광주광역시,,광주,430.0,79992.0,14273.0,1469216,,,,19대,Opposition
179,김동철,,민 국,3.0,0,광주광역시,,광주,430.0,79992.0,14273.0,1469216,,,,19대,Opposition
180,이용섭,,민 무,2.0,0,광주광역시,,광주,430.0,79992.0,14273.0,1469216,,,,19대,Opposition
181,권은희,,새 국,1.0,0,광주광역시,,광주,430.0,79992.0,14273.0,1469216,,,,19대,Ruling
182,박지원,,민 국,3.0,0,전라남도,,전남,4227.0,107776.0,12767.0,1909618,,,,19대,Opposition
183,김성곤,,민 더,4.0,0,전라남도,,전남,4227.0,107776.0,12767.0,1909618,,,,19대,Opposition
184,주승용,,민 국,3.0,0,전라남도,,전남,4227.0,107776.0,12767.0,1909618,,,,19대,Opposition
185,김선동,,통진,2.0,0,전라남도,1.0,전남,4227.0,107776.0,12767.0,1909618,,,,19대,Opposition
186,이정현,,새,2.0,0,전라남도,,전남,4227.0,107776.0,12767.0,1909618,,,,19대,Ruling
187,배기운,,민 새,2.0,0,전라남도,1.0,전남,4227.0,107776.0,12767.0,1909618,,,,19대,Ruling
188,신정훈,,새 더,1.0,0,전라남도,,전남,4227.0,107776.0,12767.0,1909618,,,,19대,Opposition
189,우윤근,,민 더,3.0,0,전라남도,,전남,4227.0,107776.0,12767.0,1909618,,,,19대,Opposition
190,김승남,,민 더,1.0,0,전라남도,,전남,4227.0,107776.0,12767.0,1909618,,,,19대,Opposition
191,황주홍,,민 국,1.0,0,전라남도,,전남,4227.0,107776.0,12767.0,1909618,,,,19대,Opposition
192,김영록,,민 더,2.0,0,전라남도,,전남,4227.0,107776.0,12767.0,1909618,,,,19대,Opposition
193,이윤석,,민 무,2.0,0,전라남도,,전남,4227.0,107776.0,12767.0,1909618,,,,19대,Opposition
194,이낙연,,민 새,4.0,0,전라남도,,전남,4227.0,107776.0,12767.0,1909618,,,,19대,Ruling
195,이개호,,새 더,1.0,0,전라남도,,전남,4227.0,107776.0,12767.0,1909618,,,,19대,Opposition
196,김희국,,새,1.0,0,대구광역시,,대구,216.0,168321.0,22151.0,2505644,,,,19대,Ruling
197,류성걸,,새 무,1.0,0,대구광역시,,대구,216.0,168321.0,22151.0,2505644,,,,19대,Ruling
198,유승민,,새 무,3.0,0,대구광역시,,대구,216.0,168321.0,22151.0,2505644,,,,19대,Ruling
199,김상훈,,새,1.0,0,대구광역시,,대구,216.0,168321.0,22151.0,2505644,,,,19대,Ruling
200,권은희,,새 무,1.0,0,대구광역시,,대구,216.0,168321.0,22151.0,2505644,,,,19대,Ruling
201,서상기,,새,3.0,0,대구광역시,,대구,216.0,168321.0,22151.0,2505644,,,,19대,Ruling
202,이한구,,새,4.0,0,대구광역시,,대구,216.0,168321.0,22151.0,2505644,,,,19대,Ruling
203,주호영,,새 무,3.0,0,대구광역시,,대구,216.0,168321.0,22151.0,2505644,,,,19대,Ruling
204,홍지만,,새,1.0,0,대구광역시,,대구,216.0,168321.0,22151.0,2505644,,,,19대,Ruling
205,윤재옥,,새,1.0,0,대구광역시,,대구,216.0,168321.0,22151.0,2505644,,,,19대,Ruling
206,조원진,,새,2.0,0,대구광역시,,대구,216.0,168321.0,22151.0,2505644,,,,19대,Ruling
207,이종진,,새,1.0,0,대구광역시,,대구,216.0,168321.0,22151.0,2505644,,,,19대,Ruling
208,이병석,,새,4.0,0,경상북도,,경북,2827.0,299161.0,17667.0,2698353,,,,19대,Ruling
209,김형태,,새 무,1.0,0,경상북도,1.0,경북,2827.0,299161.0,17667.0,2698353,,,,19대,Ruling
210,박명재,,새,1.0,0,경상북도,,경북,2827.0,299161.0,17667.0,2698353,,,,19대,Ruling
211,정수성,,새,2.0,0,경상북도,,경북,2827.0,299161.0,17667.0,2698353,,,,19대,Ruling
212,이철우,,새,2.0,0,경상북도,,경북,2827.0,299161.0,17667.0,2698353,,,,19대,Ruling
213,김광림,,새,2.0,0,경상북도,,경북,2827.0,299161.0,17667.0,2698353,,,,19대,Ruling
214,심학봉,,새 무,1.0,0,경상북도,1.0,경북,2827.0,299161.0,17667.0,2698353,,,,19대,Ruling
215,김태환,,새 무,3.0,0,경상북도,,경북,2827.0,299161.0,17667.0,2698353,,,,19대,Ruling
216,장윤석,,새,3.0,0,경상북도,,경북,2827.0,299161.0,17667.0,2698353,,,,19대,Ruling
217,정희수,,새,3.0,0,경상북도,,경북,2827.0,299161.0,17667.0,2698353,,,,19대,Ruling
218,김종태,,새,1.0,0,경상북도,,경북,2827.0,299161.0,17667.0,2698353,,,,19대,Ruling
219,이한성,,새,2.0,0,경상북도,,경북,2827.0,299161.0,17667.0,2698353,,,,19대,Ruling
220,최경환,,새,3.0,0,경상북도,,경북,2827.0,299161.0,17667.0,2698353,,,,19대,Ruling
221,이완영,,새,1.0,0,경상북도,,경북,2827.0,299161.0,17667.0,2698353,,,,19대,Ruling
222,김재원,,새,2.0,0,경상북도,,경북,2827.0,299161.0,17667.0,2698353,,,,19대,Ruling
223,강석호,,새,2.0,0,경상북도,,경북,2827.0,299161.0,17667.0,2698353,,,,19대,Ruling
224,정의화,,새,5.0,0,부산광역시,,부산,3895.0,209619.0,36211.0,3538484,,,,19대,Ruling
225,유기준,,새,3.0,0,부산광역시,,부산,3895.0,209619.0,36211.0,3538484,,,,19대,Ruling
226,이재균,,새,1.0,0,부산광역시,1.0,부산,3895.0,209619.0,36211.0,3538484,,,,19대,Ruling
227,김무성,,새,5.0,0,부산광역시,,부산,3895.0,209619.0,36211.0,3538484,,,,19대,Ruling
228,나성린,,새,2.0,0,부산광역시,,부산,3895.0,209619.0,36211.0,3538484,,,,19대,Ruling
229,이헌승,,새,1.0,0,부산광역시,,부산,3895.0,209619.0,36211.0,3538484,,,,19대,Ruling
230,이진복,,새,2.0,0,부산광역시,,부산,3895.0,209619.0,36211.0,3538484,,,,19대,Ruling
231,김정훈,,새,3.0,0,부산광역시,,부산,3895.0,209619.0,36211.0,3538484,,,,19대,Ruling
232,서용교,,새,1.0,0,부산광역시,,부산,3895.0,209619.0,36211.0,3538484,,,,19대,Ruling
233,박민식,,새,2.0,0,부산광역시,,부산,3895.0,209619.0,36211.0,3538484,,,,19대,Ruling
234,김도읍,,새,1.0,0,부산광역시,,부산,3895.0,209619.0,36211.0,3538484,,,,19대,Ruling
235,서병수,,새,4.0,0,부산광역시,,부산,3895.0,209619.0,36211.0,3538484,,,,19대,Ruling
236,배덕광,,새,1.0,0,부산광역시,,부산,3895.0,209619.0,36211.0,3538484,,,,19대,Ruling
237,하태경,,새,1.0,0,부산광역시,,부산,3895.0,209619.0,36211.0,3538484,,,,19대,Ruling
238,문대성,,새,1.0,0,부산광역시,,부산,3895.0,209619.0,36211.0,3538484,,,,19대,Ruling
239,조경태,,민 새,3.0,0,부산광역시,,부산,3895.0,209619.0,36211.0,3538484,,,,19대,Ruling
240,김세연,,새,2.0,0,부산광역시,,부산,3895.0,209619.0,36211.0,3538484,,,,19대,Ruling
241,김희정,,새,2.0,0,부산광역시,,부산,3895.0,209619.0,36211.0,3538484,,,,19대,Ruling
242,유재중,,새,2.0,0,부산광역시,,부산,3895.0,209619.0,36211.0,3538484,,,,19대,Ruling
243,문재인,,민 더,1.0,0,부산광역시,,부산,3895.0,209619.0,36211.0,3538484,,,,19대,Opposition
244,정갑윤,,새,4.0,0,울산광역시,,울산,174.0,161628.0,11850.0,1147256,,,,19대,Ruling
245,이채익,,새,1.0,0,울산광역시,,울산,174.0,161628.0,11850.0,1147256,,,,19대,Ruling
246,김기현,,새,3.0,0,울산광역시,,울산,174.0,161628.0,11850.0,1147256,,,,19대,Ruling
247,박맹우,,새,1.0,0,울산광역시,,울산,174.0,161628.0,11850.0,1147256,,,,19대,Ruling
248,안효대,,새,2.0,0,울산광역시,,울산,174.0,161628.0,11850.0,1147256,,,,19대,Ruling
249,박대동,,새,1.0,0,울산광역시,,울산,174.0,161628.0,11850.0,1147256,,,,19대,Ruling
250,강길부,,새 무,3.0,0,울산광역시,,울산,174.0,161628.0,11850.0,1147256,,,,19대,Ruling
251,박성호,,새,1.0,0,경상남도,,경남,2349.0,420800.0,29579.0,3319314,,,,19대,Ruling
252,강기윤,,새,1.0,0,경상남도,,경남,2349.0,420800.0,29579.0,3319314,,,,19대,Ruling
253,이주영,,새,4.0,0,경상남도,,경남,2349.0,420800.0,29579.0,3319314,,,,19대,Ruling
254,안홍준,,새,3.0,0,경상남도,,경남,2349.0,420800.0,29579.0,3319314,,,,19대,Ruling
255,김성찬,,새,1.0,0,경상남도,,경남,2349.0,420800.0,29579.0,3319314,,,,19대,Ruling
256,박대출,,새,1.0,0,경상남도,,경남,2349.0,420800.0,29579.0,3319314,,,,19대,Ruling
257,김재경,,새,3.0,0,경상남도,,경남,2349.0,420800.0,29579.0,3319314,,,,19대,Ruling
258,이군현,,새,3.0,0,경상남도,,경남,2349.0,420800.0,29579.0,3319314,,,,19대,Ruling
259,여상규,,새,2.0,0,경상남도,,경남,2349.0,420800.0,29579.0,3319314,,,,19대,Ruling
260,민홍철,,민 더,1.0,0,경상남도,,경남,2349.0,420800.0,29579.0,3319314,,,,19대,Opposition
261,김태호,,새,2.0,0,경상남도,,경남,2349.0,420800.0,29579.0,3319314,,,,19대,Ruling
262,조해진,,새 무,2.0,0,경상남도,,경남,2349.0,420800.0,29579.0,3319314,,,,19대,Ruling
263,김한표,,무 새,1.0,0,경상남도,,경남,2349.0,420800.0,29579.0,3319314,,,,19대,Ruling
264,윤영석,,새,1.0,0,경상남도,,경남,2349.0,420800.0,29579.0,3319314,,,,19대,Ruling
265,조현룡,,새,1.0,0,경상남도,1.0,경남,2349.0,420800.0,29579.0,3319314,,,,19대,Ruling
266,신성범,,새,2.0,0,경상남도,,경남,2349.0,420800.0,29579.0,3319314,,,,19대,Ruling
267,강창일,,민 더,3.0,0,제주특별자치도,,제주,2890.0,9832.0,4840.0,583713,,,,19대,Opposition
268,김우남,,민 더,3.0,0,제주특별자치도,,제주,2890.0,9832.0,4840.0,583713,,,,19대,Opposition
269,김재윤,,민 새,3.0,0,제주특별자치도,1.0,제주,2890.0,9832.0,4840.0,583713,,,,19대,Ruling
270,민병주,sn,새,1.0,1,비례대표,,비례,,,,None,,,,19대,Ruling
271,김정록,,새,1.0,1,비례대표,,비례,,,,None,,,,19대,Ruling
272,윤명희,,새,1.0,1,비례대표,,비례,,,,None,,,,19대,Ruling
273,조명철,,새,1.0,1,비례대표,,비례,,,,None,,,,19대,Ruling
274,강은희,,새,1.0,1,비례대표,1.0,비례,,,,None,,,,19대,Ruling
275,주영순,,새,1.0,1,비례대표,,비례,,,,None,,,,19대,Ruling
276,신의진,,새,1.0,1,비례대표,,비례,,,,None,,,,19대,Ruling
277,이상일,,새,1.0,1,비례대표,,비례,,,,None,,,,19대,Ruling
278,이에리사,,새,1.0,1,비례대표,,비례,,,,None,,,,19대,Ruling
279,이만우,,새,1.0,1,비례대표,,비례,,,,None,,,,19대,Ruling
280,박근혜,,새,5.0,1,비례대표,1.0,비례,,,,None,,,,19대,Ruling
281,안종범,,새,1.0,1,비례대표,1.0,비례,,,,None,,,,19대,Ruling
282,김현숙,,새,1.0,1,비례대표,1.0,비례,,,,None,,,,19대,Ruling
283,김장식,,새,1.0,1,비례대표,,비례,,,,None,,,,19대,Ruling
284,이자스민,,새,1.0,1,비례대표,,비례,,,,None,,,,19대,Ruling
285,최봉흥,,새,1.0,1,비례대표,,비례,,,,None,,,,19대,Ruling
286,류지영,,새,1.0,1,비례대표,,비례,,,,None,,,,19대,Ruling
287,송영근,,새,1.0,1,비례대표,,비례,,,,None,,,,19대,Ruling
288,민현주,,새,1.0,1,비례대표,,비례,,,,None,,,,19대,Ruling
289,박창식,,새,1.0,1,비례대표,,비례,,,,None,,,,19대,Ruling
290,손인춘,,새,1.0,1,비례대표,,비례,,,,None,,,,19대,Ruling
291,김상민,,새,1.0,1,비례대표,,비례,,,,None,,,,19대,Ruling
292,이재영,,새,1.0,1,비례대표,,비례,,,,None,,,,19대,Ruling
293,신경림,,새,1.0,1,비례대표,,비례,,,,None,,,,19대,Ruling
294,이운룡,,새,1.0,1,비례대표,,비례,,,,None,,,,19대,Ruling
295,박윤옥,,새,1.0,1,비례대표,,비례,,,,None,,,,19대,Ruling
296,양창영,,새,1.0,1,비례대표,,비례,,,,None,,,,19대,Ruling
297,장정은,,새,1.0,1,비례대표,,비례,,,,None,,,,19대,Ruling
298,정윤숙,,새,1.0,1,비례대표,,비례,,,,None,,,,19대,Ruling
299,전순옥,mj,민 더,1.0,1,비례대표,,비례,,,,None,,,,19대,Opposition
300,최동익,,민 더,1.0,1,비례대표,,비례,,,,None,,,,19대,Opposition
301,은수미,,민 더,1.0,1,비례대표,,비례,,,,None,,,,19대,Opposition
302,홍종학,,민 더,1.0,1,비례대표,,비례,,,,None,,,,19대,Opposition
303,진선미,,민 더,1.0,1,비례대표,,비례,,,,None,,,,19대,Opposition
304,김용익,,민 더,1.0,1,비례대표,,비례,,,,None,,,,19대,Opposition
305,배재정,,민 더,1.0,1,비례대표,,비례,,,,None,,,,19대,Opposition
306,백군기,,민 더,1.0,1,비례대표,,비례,,,,None,,,,19대,Opposition
307,남인순,,민 더,1.0,1,비례대표,,비례,,,,None,,,,19대,Opposition
308,김광진,,민 더,1.0,1,비례대표,,비례,,,,None,,,,19대,Opposition
309,한정애,,민 더,1.0,1,비례대표,,비례,,,,None,,,,19대,Opposition
310,김기준,,민 더,1.0,1,비례대표,,비례,,,,None,,,,19대,Opposition
311,장하나,,민 더,1.0,1,비례대표,,비례,,,,None,,,,19대,Opposition
312,김기식,,민 더,1.0,1,비례대표,,비례,,,,None,,,,19대,Opposition
313,한명숙,,민 더,3.0,1,비례대표,1.0,비례,,,,None,,,,19대,Opposition
314,도종환,,민 더,1.0,1,비례대표,,비례,,,,None,,,,19대,Opposition
315,김 현,,민 더,1.0,1,비례대표,,비례,,,,None,,,,19대,Opposition
316,진성준,,민 더,1.0,1,비례대표,,비례,,,,None,,,,19대,Opposition
317,최민희,,민 더,1.0,1,비례대표,,비례,,,,None,,,,19대,Opposition
318,홍의략,,민 더,1.0,1,비례대표,1.0,비례,,,,None,,,,19대,Opposition
319,임수경,,민 더,1.0,1,비례대표,,비례,,,,None,,,,19대,Opposition
320,신문식,,민 더,1.0,1,비례대표,,비례,,,,None,,,,19대,Opposition
321,윤금순,통합진보당,통진,1.0,1,비례대표,,비례,,,,None,,,,19대,Opposition
322,이석기,,통진,1.0,1,비례대표,,비례,,,,None,,,,19대,Opposition
323,김재연,,통진,1.0,1,비례대표,,비례,,,,None,,,,19대,Opposition
324,정진후,정의당,진 정,1.0,1,비례대표,,비례,,,,None,,,,19대,Opposition
325,김제남,,진 정,1.0,1,비례대표,,비례,,,,None,,,,19대,Opposition
326,박원석,,진 정,1.0,1,비례대표,,비례,,,,None,,,,19대,Opposition
327,서기호,,진 정,1.0,1,비례대표,,비례,,,,None,,,,19대,Opposition
328,문정림,sn,자 새,1.0,1,비례대표,,비례,,,,None,,,,19대,Ruling
329,김영주,sn,자 새,1.0,1,비례대표,1.0,비례,,,,None,,,,19대,Ruling
330,황인자,sn,자 새,1.0,1,비례대표,,비례,,,,None,,,,19대,Ruling
331,현영희,mu,무,1.0,1,비례대표,1.0,비례,,,,None,,,,19대,Opposition
332,조윤숙,,통진,,1,비례대표,1.0,비례,,,,None,,,,19대,Opposition
333,이영희,,통진,,1,비례대표,1.0,비례,,,,None,,,,19대,Opposition
334,오옥만,,통진,,1,비례대표,1.0,비례,,,,None,,,,19대,Opposition
335,노향래,,통진,,1,비례대표,1.0,비례,,,,None,,,,19대,Opposition
336,나순자,,통진,,1,비례대표,1.0,비례,,,,None,,,,19대,Opposition
337,유시민,,통진,,1,비례대표,1.0,비례,,,,None,,,,19대,Opposition
338,윤난실,,통진,,1,비례대표,1.0,비례,,,,None,,,,19대,Opposition
